date,value
7/27/2018,0.7557
7/26/2018,0.7563
7/25/2018,0.751
7/24/2018,0.7312
7/23/2018,0.7277
7/20/2018,0.733
7/19/2018,0.7369
7/18/2018,0.7545
7/17/2018,0.7561
7/16/2018,0.7529
7/13/2018,0.7437
7/12/2018,0.734
7/11/2018,0.7258
7/10/2018,0.7242
7/9/2018,0.7249
7/6/2018,0.7201
7/5/2018,0.7227
7/4/2018,0.722
7/3/2018,0.7296
7/2/2018,0.7265
6/29/2018,0.7222
6/28/2018,0.7205
6/27/2018,0.7301
6/26/2018,0.7282
6/25/2018,0.7336
6/22/2018,0.743
6/21/2018,0.7368
6/20/2018,0.7319
6/19/2018,0.7172
6/18/2018,0.7396
6/15/2018,0.7434
6/14/2018,0.7557
6/13/2018,0.754
6/12/2018,0.7711
6/11/2018,0.7773
6/8/2018,0.7635
6/7/2018,0.7971
6/6/2018,0.7868
6/5/2018,0.8068
6/4/2018,0.8158
6/1/2018,0.8161
5/31/2018,0.8273
5/30/2018,0.8181
5/29/2018,0.8217
5/28/2018,0.8332
5/25/2018,0.8305
5/24/2018,0.8265
5/23/2018,0.8095
5/22/2018,0.8149
5/21/2018,0.7922
5/18/2018,0.8077
5/17/2018,0.8061
5/16/2018,0.7946
5/15/2018,0.8019
5/14/2018,0.8108
5/11/2018,0.8039
5/10/2018,0.7921
5/9/2018,0.7836
5/8/2018,0.7951
5/7/2018,0.8043
5/4/2018,0.792
5/3/2018,0.7879
5/2/2018,0.7913
4/30/2018,0.7986
4/26/2018,0.7863
4/25/2018,0.771
4/24/2018,0.7762
4/23/2018,0.7747
4/20/2018,0.7898
4/19/2018,0.7967
4/18/2018,0.7936
4/17/2018,0.7959
4/16/2018,0.7912
4/13/2018,0.7898
4/12/2018,0.79
4/11/2018,0.7868
4/10/2018,0.7817
4/9/2018,0.7831
4/6/2018,0.7813
4/5/2018,0.7907
4/4/2018,0.7868
4/3/2018,0.7998
3/29/2018,0.8021
3/28/2018,0.8132
3/27/2018,0.8124
3/26/2018,0.8169
3/23/2018,0.8034
3/22/2018,0.8099
3/20/2018,0.7935
3/19/2018,0.7863
3/16/2018,0.8006
3/15/2018,0.8139
3/14/2018,0.8186
3/13/2018,0.8152
3/12/2018,0.8193
3/9/2018,0.8129
3/8/2018,0.8111
3/7/2018,0.8206
3/6/2018,0.8234
3/5/2018,0.8144
3/2/2018,0.821
3/1/2018,0.822
2/28/2018,0.8294
2/27/2018,0.84
2/26/2018,0.8438
2/23/2018,0.8485
2/22/2018,0.8406
2/21/2018,0.8386
2/20/2018,0.8407
2/19/2018,0.8444
2/16/2018,0.845
2/15/2018,0.8405
2/14/2018,0.8262
2/13/2018,0.8188
2/12/2018,0.8123
2/9/2018,0.809
2/8/2018,0.8072
2/7/2018,0.8182
2/6/2018,0.8104
2/5/2018,0.8159
2/2/2018,0.8232
2/1/2018,0.8232
1/31/2018,0.8215
1/30/2018,0.8127
1/29/2018,0.8091
1/26/2018,0.8229
1/25/2018,0.8153
1/24/2018,0.8149
1/23/2018,0.8094
1/22/2018,0.8086
1/19/2018,0.8102
1/18/2018,0.7983
1/17/2018,0.7964
1/16/2018,0.8018
1/15/2018,0.7964
1/12/2018,0.7952
1/11/2018,0.7904
1/10/2018,0.7893
1/9/2018,0.8038
1/8/2018,0.8185
1/5/2018,0.8184
1/4/2018,0.8231
1/3/2018,0.812
1/2/2018,0.8189
12/29/2017,0.8154
12/28/2017,0.8098
12/27/2017,0.7881
12/22/2017,0.768
12/21/2017,0.7679
12/20/2017,0.7725
12/19/2017,0.7665
12/18/2017,0.7613
12/15/2017,0.7385
12/14/2017,0.7354
12/13/2017,0.7346
12/12/2017,0.7452
12/11/2017,0.7467
12/8/2017,0.7501
12/7/2017,0.7602
12/6/2017,0.7708
12/5/2017,0.7652
12/4/2017,0.7325
12/1/2017,0.7428
11/30/2017,0.7381
11/29/2017,0.7402
11/28/2017,0.7334
11/27/2017,0.7225
11/24/2017,0.7279
11/23/2017,0.73
11/22/2017,0.7228
11/21/2017,0.7109
11/20/2017,0.7162
11/17/2017,0.7054
11/16/2017,0.6995
11/15/2017,0.6989
11/14/2017,0.6857
11/13/2017,0.6861
11/10/2017,0.6916
11/9/2017,0.7007
11/8/2017,0.7045
11/7/2017,0.7082
11/6/2017,0.708
11/3/2017,0.7146
11/2/2017,0.7171
11/1/2017,0.7097
10/31/2017,0.712
10/30/2017,0.7112
10/27/2017,0.6992
10/26/2017,0.7069
10/25/2017,0.7163
10/24/2017,0.7217
10/23/2017,0.7145
10/20/2017,0.7176
10/19/2017,0.7207
10/18/2017,0.7272
10/17/2017,0.7247
10/16/2017,0.7256
10/13/2017,0.7225
10/12/2017,0.7164
10/11/2017,0.71
10/10/2017,0.7021
10/9/2017,0.6966
10/6/2017,0.7028
10/5/2017,0.7081
10/4/2017,0.7124
10/3/2017,0.7111
10/2/2017,0.7119
9/29/2017,0.717
9/28/2017,0.7114
9/27/2017,0.7118
9/26/2017,0.7201
9/22/2017,0.7221
9/21/2017,0.7084
9/20/2017,0.7185
9/19/2017,0.7244
9/18/2017,0.7215
9/15/2017,0.723
9/14/2017,0.7141
9/13/2017,0.7179
9/12/2017,0.7177
9/11/2017,0.7154
9/8/2017,0.7139
9/7/2017,0.7122
9/6/2017,0.7081
9/5/2017,0.7037
9/4/2017,0.7044
9/1/2017,0.7023
8/31/2017,0.7035
8/30/2017,0.6935
8/29/2017,0.693
8/28/2017,0.6934
8/25/2017,0.6847
8/24/2017,0.6815
8/23/2017,0.6818
8/22/2017,0.6852
8/21/2017,0.6808
8/18/2017,0.6795
8/17/2017,0.6835
8/16/2017,0.6803
8/15/2017,0.6776
8/14/2017,0.6774
8/11/2017,0.6629
8/10/2017,0.6664
8/8/2017,0.6785
8/7/2017,0.6802
8/4/2017,0.6827
8/3/2017,0.678
8/2/2017,0.6795
8/1/2017,0.6819
7/31/2017,0.6786
7/28/2017,0.6832
7/27/2017,0.6862
7/26/2017,0.678
7/25/2017,0.68
7/24/2017,0.6818
7/21/2017,0.6827
7/20/2017,0.6803
7/19/2017,0.6854
7/18/2017,0.6849
7/17/2017,0.683
7/14/2017,0.6727
7/13/2017,0.6735
7/12/2017,0.6633
7/11/2017,0.6599
7/10/2017,0.6805
7/7/2017,0.6774
7/6/2017,0.6804
7/5/2017,0.6855
7/4/2017,0.6938
7/3/2017,0.7014
6/30/2017,0.6975
6/29/2017,0.7169
6/28/2017,0.7168
6/27/2017,0.7183
6/26/2017,0.7145
6/23/2017,0.7194
6/22/2017,0.7119
6/21/2017,0.7039
6/20/2017,0.7099
6/19/2017,0.7169
6/15/2017,0.7265
6/14/2017,0.7272
6/13/2017,0.7171
6/12/2017,0.7129
6/9/2017,0.7153
6/8/2017,0.7216
6/7/2017,0.7258
6/6/2017,0.7292
6/5/2017,0.7358
6/2/2017,0.7186
6/1/2017,0.7098
5/31/2017,0.706
5/30/2017,0.7087
5/29/2017,0.7145
5/26/2017,0.7166
5/25/2017,0.7238
5/24/2017,0.7171
5/23/2017,0.7005
5/22/2017,0.7056
5/19/2017,0.6943
5/18/2017,0.6928
5/17/2017,0.6979
5/16/2017,0.7014
5/15/2017,0.6926
5/12/2017,0.688
5/11/2017,0.6866
5/10/2017,0.6691
5/9/2017,0.6732
5/8/2017,0.6861
5/5/2017,0.6789
5/4/2017,0.6858
5/3/2017,0.6981
5/2/2017,0.7013
4/28/2017,0.7045
4/26/2017,0.7103
4/25/2017,0.714
4/24/2017,0.7322
4/21/2017,0.7078
4/20/2017,0.71
4/19/2017,0.7018
4/18/2017,0.7054
4/13/2017,0.6983
4/12/2017,0.6868
4/11/2017,0.6827
4/10/2017,0.6849
4/7/2017,0.6918
4/6/2017,0.6875
4/5/2017,0.6996
4/4/2017,0.6978
4/3/2017,0.7126
3/31/2017,0.7181
3/30/2017,0.7391
3/29/2017,0.7308
3/28/2017,0.7435
3/27/2017,0.7708
3/24/2017,0.7638
3/23/2017,0.7587
3/22/2017,0.7557
3/20/2017,0.7606
3/17/2017,0.7484
3/16/2017,0.7461
3/15/2017,0.7319
3/14/2017,0.7275
3/13/2017,0.7334
3/10/2017,0.7215
3/9/2017,0.7263
3/8/2017,0.7468
3/7/2017,0.7523
3/6/2017,0.7556
3/3/2017,0.7409
3/2/2017,0.7398
3/1/2017,0.7302
2/28/2017,0.7281
2/27/2017,0.7339
2/24/2017,0.7396
2/23/2017,0.7409
2/22/2017,0.7436
2/21/2017,0.7432
2/20/2017,0.7437
2/17/2017,0.7492
2/16/2017,0.7539
2/15/2017,0.7519
2/14/2017,0.7464
2/13/2017,0.7445
2/10/2017,0.734
2/9/2017,0.7287
2/8/2017,0.7318
2/7/2017,0.7376
2/6/2017,0.7459
2/3/2017,0.7387
2/2/2017,0.7397
2/1/2017,0.7357
1/31/2017,0.7395
1/30/2017,0.7243
1/27/2017,0.7276
1/26/2017,0.7432
1/25/2017,0.7324
1/24/2017,0.7323
1/23/2017,0.7279
1/20/2017,0.7315
1/19/2017,0.7308
1/18/2017,0.7284
1/17/2017,0.7354
1/16/2017,0.7285
1/13/2017,0.7424
1/12/2017,0.7399
1/11/2017,0.7385
1/10/2017,0.7446
1/9/2017,0.7287
1/6/2017,0.7307
1/5/2017,0.7329
1/4/2017,0.721
1/3/2017,0.7231
12/30/2016,0.7283
12/29/2016,0.7152
12/28/2016,0.708
12/23/2016,0.7007
12/22/2016,0.7035
12/21/2016,0.7037
12/20/2016,0.6963
12/19/2016,0.7027
12/15/2016,0.7053
12/14/2016,0.7246
12/13/2016,0.7239
12/12/2016,0.71
12/9/2016,0.7153
12/8/2016,0.7289
12/7/2016,0.7233
12/6/2016,0.7164
12/5/2016,0.7098
12/2/2016,0.698
12/1/2016,0.7052
11/30/2016,0.7061
11/29/2016,0.7148
11/28/2016,0.7137
11/25/2016,0.7013
11/24/2016,0.6911
11/23/2016,0.6969
11/22/2016,0.6938
11/21/2016,0.6809
11/18/2016,0.6815
11/17/2016,0.6946
11/16/2016,0.6912
11/15/2016,0.6933
11/14/2016,0.678
11/11/2016,0.6918
11/10/2016,0.7365
11/9/2016,0.7271
11/8/2016,0.7162
11/7/2016,0.724
11/4/2016,0.7264
11/3/2016,0.7291
11/2/2016,0.7341
11/1/2016,0.7132
10/31/2016,0.7141
10/28/2016,0.7049
10/27/2016,0.6976
10/26/2016,0.7164
10/25/2016,0.7114
10/24/2016,0.7132
10/21/2016,0.6968
10/20/2016,0.7047
10/19/2016,0.7129
10/18/2016,0.7035
10/17/2016,0.6881
10/14/2016,0.6964
10/13/2016,0.6912
10/12/2016,0.6903
10/11/2016,0.7019
10/10/2016,0.7111
10/7/2016,0.7166
10/6/2016,0.7125
10/5/2016,0.7186
10/4/2016,0.7322
10/3/2016,0.7364
9/30/2016,0.7088
9/29/2016,0.7174
9/28/2016,0.7281
9/27/2016,0.7306
9/26/2016,0.7338
9/23/2016,0.7392
9/22/2016,0.7467
9/21/2016,0.7192
9/20/2016,0.7145
9/19/2016,0.7218
9/16/2016,0.712
9/15/2016,0.6904
9/14/2016,0.6986
9/13/2016,0.7025
9/12/2016,0.6963
9/9/2016,0.7162
9/8/2016,0.7318
9/7/2016,0.7212
9/6/2016,0.6884
9/5/2016,0.6748
9/2/2016,0.6655
9/1/2016,0.6571
8/31/2016,0.6586
8/30/2016,0.6626
8/29/2016,0.6744
8/26/2016,0.7002
8/25/2016,0.707
8/24/2016,0.7064
8/23/2016,0.7347
8/22/2016,0.7196
8/19/2016,0.7349
8/18/2016,0.7473
8/17/2016,0.7513
8/16/2016,0.7586
8/15/2016,0.7846
8/12/2016,0.79
8/11/2016,0.7849
8/10/2016,0.7786
8/8/2016,0.7306
8/5/2016,0.7274
8/4/2016,0.7294
8/2/2016,0.7362
8/1/2016,0.7463
7/29/2016,0.7225
7/28/2016,0.7197
7/27/2016,0.7005
7/26/2016,0.6783
7/25/2016,0.6644
7/22/2016,0.6498
7/21/2016,0.6624
7/20/2016,0.6814
7/19/2016,0.6854
7/18/2016,0.6961
7/15/2016,0.7073
7/14/2016,0.7017
7/13/2016,0.7291
7/12/2016,0.735
7/11/2016,0.7026
7/8/2016,0.6807
7/7/2016,0.6575
7/6/2016,0.6388
7/5/2016,0.6444
7/4/2016,0.6542
7/1/2016,0.664
6/30/2016,0.671
6/29/2016,0.6923
6/28/2016,0.7061
6/27/2016,0.7133
6/24/2016,0.7322
6/23/2016,0.7526
6/22/2016,0.7476
6/21/2016,0.7471
6/20/2016,0.7352
6/17/2016,0.7205
6/15/2016,0.7082
6/14/2016,0.7047
6/13/2016,0.7127
6/10/2016,0.7205
6/9/2016,0.7206
6/8/2016,0.715
6/7/2016,0.7101
6/6/2016,0.6999
6/3/2016,0.6766
6/2/2016,0.673
6/1/2016,0.6708
5/31/2016,0.6604
5/30/2016,0.6588
5/27/2016,0.6676
5/26/2016,0.6622
5/25/2016,0.6583
5/24/2016,0.6509
5/23/2016,0.6608
5/20/2016,0.6477
5/19/2016,0.6393
5/18/2016,0.6391
5/17/2016,0.6489
5/16/2016,0.6513
5/13/2016,0.6616
5/12/2016,0.6656
5/11/2016,0.6507
5/10/2016,0.6517
5/9/2016,0.658
5/6/2016,0.6499
5/5/2016,0.6517
5/4/2016,0.6537
5/3/2016,0.6729
4/29/2016,0.6734
4/28/2016,0.6658
4/26/2016,0.6504
4/25/2016,0.6493
4/22/2016,0.6533
4/21/2016,0.6535
4/20/2016,0.6513
4/19/2016,0.6409
4/18/2016,0.6271
4/15/2016,0.633
4/14/2016,0.6257
4/13/2016,0.637
4/12/2016,0.665
4/11/2016,0.6618
4/8/2016,0.6538
4/7/2016,0.6879
4/6/2016,0.7023
4/5/2016,0.7267
4/4/2016,0.7424
4/1/2016,0.7391
3/31/2016,0.7479
3/30/2016,0.7494
3/29/2016,0.7295
3/24/2016,0.7361
3/23/2016,0.7433
3/22/2016,0.7419
3/18/2016,0.7436
3/17/2016,0.7228
3/16/2016,0.7098
3/15/2016,0.7279
3/14/2016,0.7433
3/11/2016,0.7471
3/10/2016,0.7503
3/9/2016,0.7367
3/8/2016,0.739
3/7/2016,0.7423
3/4/2016,0.7274
3/3/2016,0.7285
3/2/2016,0.7269
3/1/2016,0.7257
2/29/2016,0.7044
2/26/2016,0.7325
2/25/2016,0.7279
2/24/2016,0.7464
2/23/2016,0.7466
2/22/2016,0.7393
2/19/2016,0.7364
2/18/2016,0.7333
2/17/2016,0.7174
2/16/2016,0.721
2/15/2016,0.7181
2/12/2016,0.719
2/11/2016,0.7099
2/10/2016,0.7115
2/9/2016,0.6976
2/8/2016,0.7071
2/5/2016,0.7106
2/4/2016,0.7049
2/3/2016,0.6953
2/2/2016,0.706
2/1/2016,0.7056
1/29/2016,0.6995
1/28/2016,0.6891
1/27/2016,0.6848
1/26/2016,0.6777
1/25/2016,0.6806
1/22/2016,0.6812
1/21/2016,0.6676
1/20/2016,0.663
1/19/2016,0.6737
1/18/2016,0.6655
1/15/2016,0.669
1/14/2016,0.666
1/13/2016,0.6716
1/12/2016,0.6557
1/11/2016,0.6641
1/8/2016,0.6877
1/7/2016,0.6855
1/6/2016,0.6979
1/5/2016,0.7047
1/4/2016,0.7027
12/31/2015,0.7069
12/30/2015,0.7151
12/29/2015,0.7174
12/28/2015,0.7171
12/24/2015,0.7217
12/23/2015,0.7226
12/22/2015,0.7263
12/21/2015,0.7289
12/18/2015,0.7211
12/17/2015,0.7314
12/15/2015,0.7274
12/14/2015,0.7248
12/11/2015,0.711
12/10/2015,0.7278
12/9/2015,0.7479
12/8/2015,0.7437
12/7/2015,0.7407
12/4/2015,0.7389
12/3/2015,0.7228
12/2/2015,0.7256
12/1/2015,0.7188
11/30/2015,0.7167
11/27/2015,0.7128
11/26/2015,0.8096
11/25/2015,0.8297
11/24/2015,0.8278
11/23/2015,0.8458
11/20/2015,0.848
11/19/2015,0.7974
11/18/2015,0.8526
11/17/2015,0.8787
11/16/2015,0.8564
11/13/2015,0.8159
11/12/2015,0.9003
11/11/2015,0.9751
11/10/2015,0.9992
11/9/2015,0.9412
11/6/2015,0.9327
11/5/2015,0.9179
11/4/2015,0.9103
11/3/2015,0.9106
11/2/2015,0.9102
10/30/2015,0.9105
10/29/2015,0.911
10/28/2015,0.9071
10/27/2015,0.8878
10/26/2015,0.8828
10/23/2015,0.9073
10/22/2015,0.8997
10/21/2015,0.9032
10/20/2015,0.9166
10/19/2015,0.9293
10/16/2015,0.8864
10/15/2015,0.8865
10/14/2015,0.8671
10/13/2015,0.8688
10/12/2015,0.8825
10/9/2015,0.8815
10/8/2015,0.8768
10/7/2015,0.8901
10/6/2015,0.8991
10/5/2015,0.9059
10/2/2015,0.8664
10/1/2015,0.8264
9/30/2015,0.8846
9/29/2015,0.887
9/28/2015,0.8046
9/25/2015,0.7902
9/23/2015,0.7602
9/22/2015,0.7424
9/21/2015,0.7497
9/18/2015,0.7584
9/17/2015,0.7477
9/16/2015,0.7403
9/15/2015,0.7382
9/14/2015,0.7258
9/11/2015,0.721
9/10/2015,0.7158
9/9/2015,0.7259
9/8/2015,0.715
9/7/2015,0.7313
9/4/2015,0.728
9/3/2015,0.7234
9/2/2015,0.6984
9/1/2015,0.6749
8/31/2015,0.6465
8/28/2015,0.6518
8/27/2015,0.6491
8/26/2015,0.6465
8/25/2015,0.6478
8/24/2015,0.6418
8/21/2015,0.6344
8/20/2015,0.6201
8/19/2015,0.6202
8/18/2015,0.617
8/17/2015,0.6151
8/14/2015,0.6134
8/13/2015,0.614
8/12/2015,0.6092
8/11/2015,0.6165
8/7/2015,0.6168
8/6/2015,0.6145
8/5/2015,0.617
8/4/2015,0.6214
8/3/2015,0.6024
7/31/2015,0.6017
7/30/2015,0.6045
7/29/2015,0.6091
7/28/2015,0.6079
7/27/2015,0.6091
7/24/2015,0.5991
7/23/2015,0.6158
7/22/2015,0.6227
7/21/2015,0.6012
7/20/2015,0.6164
7/17/2015,0.6224
7/16/2015,0.6325
7/15/2015,0.6364
7/14/2015,0.6298
7/13/2015,0.6282
7/10/2015,0.6263
7/9/2015,0.622
7/8/2015,0.6111
7/7/2015,0.6067
7/6/2015,0.611
7/3/2015,0.614
7/2/2015,0.6123
7/1/2015,0.6172
6/30/2015,0.6119
6/29/2015,0.6094
6/26/2015,0.6073
6/25/2015,0.6067
6/24/2015,0.6057
6/23/2015,0.6075
6/22/2015,0.6093
6/19/2015,0.6058
6/18/2015,0.6104
6/17/2015,0.596
6/15/2015,0.5909
6/12/2015,0.5882
6/11/2015,0.5861
6/10/2015,0.5871
6/9/2015,0.5805
6/8/2015,0.5766
6/5/2015,0.5832
6/4/2015,0.5835
6/3/2015,0.5908
6/2/2015,0.5878
6/1/2015,0.5904
5/29/2015,0.6014
5/28/2015,0.605
5/27/2015,0.5986
5/26/2015,0.5977
5/25/2015,0.5966
5/22/2015,0.5986
5/21/2015,0.5977
5/20/2015,0.5959
5/19/2015,0.6077
5/18/2015,0.6112
5/15/2015,0.613
5/14/2015,0.6099
5/13/2015,0.6125
5/12/2015,0.607
5/11/2015,0.6153
5/8/2015,0.6116
5/7/2015,0.6089
5/6/2015,0.6156
5/5/2015,0.6141
5/4/2015,0.6169
4/30/2015,0.6294
4/29/2015,0.6251
4/28/2015,0.6197
4/24/2015,0.614
4/23/2015,0.5972
4/22/2015,0.6064
4/21/2015,0.6046
4/20/2015,0.6198
4/17/2015,0.6185
4/16/2015,0.6177
4/15/2015,0.5999
4/14/2015,0.5952
4/13/2015,0.5945
4/10/2015,0.616
4/9/2015,0.6283
4/8/2015,0.6106
4/7/2015,0.6395
4/2/2015,0.6337
4/1/2015,0.6309
3/31/2015,0.6192
3/30/2015,0.6277
3/27/2015,0.6344
3/26/2015,0.6408
3/25/2015,0.6496
3/24/2015,0.646
3/23/2015,0.628
3/20/2015,0.632
3/19/2015,0.6228
3/18/2015,0.6015
3/17/2015,0.6008
3/16/2015,0.5935
3/13/2015,0.5939
3/12/2015,0.5959
3/11/2015,0.5809
3/10/2015,0.5833
3/9/2015,0.5821
3/6/2015,0.5925
3/5/2015,0.5916
3/4/2015,0.59
3/3/2015,0.5939
3/2/2015,0.5886
2/27/2015,0.5976
2/26/2015,0.6144
2/25/2015,0.6122
2/24/2015,0.5984
2/23/2015,0.5966
2/20/2015,0.6021
2/19/2015,0.6111
2/18/2015,0.6013
2/17/2015,0.5787
2/16/2015,0.5753
2/13/2015,0.5667
2/12/2015,0.568
2/11/2015,0.5639
2/10/2015,0.5682
2/9/2015,0.5691
2/6/2015,0.5821
2/5/2015,0.575
2/4/2015,0.5772
2/3/2015,0.568
2/2/2015,0.5626
1/30/2015,0.5618
1/29/2015,0.5572
1/28/2015,0.5628
1/27/2015,0.5545
1/26/2015,0.56
1/23/2015,0.5546
1/22/2015,0.5598
1/21/2015,0.5618
1/20/2015,0.5636
1/19/2015,0.5559
1/16/2015,0.5596
1/15/2015,0.5739
1/14/2015,0.5679
1/13/2015,0.5736
1/12/2015,0.566
1/9/2015,0.557
1/8/2015,0.5643
1/7/2015,0.5578
1/6/2015,0.5517
1/5/2015,0.5475
1/2/2015,0.5503
12/31/2014,0.5518
12/30/2014,0.5481
12/29/2014,0.5485
12/24/2014,0.5451
12/23/2014,0.5469
12/22/2014,0.5431
12/19/2014,0.5383
12/18/2014,0.5449
12/17/2014,0.5383
12/15/2014,0.5499
12/12/2014,0.548
12/11/2014,0.5519
12/10/2014,0.5537
12/9/2014,0.5525
12/8/2014,0.5576
12/5/2014,0.5675
12/4/2014,0.5677
12/3/2014,0.571
12/2/2014,0.5768
12/1/2014,0.5682
11/28/2014,0.5702
11/27/2014,0.5768
11/26/2014,0.5799
11/25/2014,0.5711
11/24/2014,0.5785
11/21/2014,0.5794
11/20/2014,0.5723
11/19/2014,0.5767
11/18/2014,0.575
11/17/2014,0.575
11/14/2014,0.5679
11/13/2014,0.5682
11/12/2014,0.5685
11/11/2014,0.5634
11/10/2014,0.5675
11/7/2014,0.5636
11/6/2014,0.569
11/5/2014,0.5735
11/4/2014,0.5762
11/3/2014,0.5738
10/31/2014,0.5825
10/30/2014,0.5843
10/29/2014,0.5934
10/28/2014,0.5817
10/27/2014,0.5808
10/24/2014,0.5798
10/23/2014,0.582
10/22/2014,0.5787
10/21/2014,0.5811
10/20/2014,0.5752
10/17/2014,0.5777
10/16/2014,0.5699
10/15/2014,0.5719
10/14/2014,0.5708
10/13/2014,0.5721
10/10/2014,0.5678
10/9/2014,0.5716
10/8/2014,0.5638
10/7/2014,0.5641
10/6/2014,0.5595
10/3/2014,0.5609
10/2/2014,0.5601
10/1/2014,0.5539
9/30/2014,0.5573
9/29/2014,0.5543
9/26/2014,0.5574
9/25/2014,0.5544
9/23/2014,0.5589
9/22/2014,0.5556
9/19/2014,0.5596
9/18/2014,0.5617
9/17/2014,0.564
9/16/2014,0.5631
9/15/2014,0.5609
9/12/2014,0.5605
9/11/2014,0.5684
9/10/2014,0.5602
9/9/2014,0.5573
9/8/2014,0.5635
9/5/2014,0.5645
9/4/2014,0.5665
9/3/2014,0.5696
9/2/2014,0.5658
9/1/2014,0.5669
8/29/2014,0.5654
8/28/2014,0.5651
8/27/2014,0.5676
8/26/2014,0.5661
8/25/2014,0.5677
8/22/2014,0.5692
8/21/2014,0.5632
8/20/2014,0.5716
8/19/2014,0.5742
8/18/2014,0.5774
8/15/2014,0.5841
8/14/2014,0.5828
8/13/2014,0.5801
8/12/2014,0.5811
8/11/2014,0.5763
8/8/2014,0.5714
8/7/2014,0.5745
8/6/2014,0.5723
8/5/2014,0.579
8/4/2014,0.5766
8/1/2014,0.5732
7/31/2014,0.5749
7/30/2014,0.5816
7/29/2014,0.5808
7/28/2014,0.5816
7/25/2014,0.5811
7/24/2014,0.5817
7/23/2014,0.5821
7/22/2014,0.5753
7/21/2014,0.5775
7/18/2014,0.574
7/17/2014,0.5737
7/16/2014,0.5723
7/15/2014,0.5739
7/14/2014,0.5687
7/11/2014,0.5693
7/10/2014,0.567
7/9/2014,0.5786
7/8/2014,0.5783
7/7/2014,0.5743
7/4/2014,0.5776
7/3/2014,0.5789
7/2/2014,0.5847
7/1/2014,0.5887
6/30/2014,0.5889
6/27/2014,0.5853
6/26/2014,0.5763
6/25/2014,0.57
6/24/2014,0.5747
6/23/2014,0.5721
6/20/2014,0.5676
6/19/2014,0.5749
6/18/2014,0.5741
6/17/2014,0.5739
6/13/2014,0.5807
6/12/2014,0.5897
6/11/2014,0.5891
6/10/2014,0.5964
6/9/2014,0.6074
6/6/2014,0.6145
6/5/2014,0.6209
6/4/2014,0.6307
6/3/2014,0.6049
6/2/2014,0.6567
5/30/2014,0.6608
5/29/2014,0.6577
5/28/2014,0.6949
5/27/2014,0.6729
5/26/2014,0.6656
5/23/2014,0.6556
5/22/2014,0.6502
5/21/2014,0.6368
5/20/2014,0.6414
5/19/2014,0.641
5/16/2014,0.6429
5/15/2014,0.6431
5/14/2014,0.6405
5/13/2014,0.6339
5/12/2014,0.6278
5/9/2014,0.6298
5/8/2014,0.6314
5/6/2014,0.6168
5/5/2014,0.6113
5/2/2014,0.6015
4/30/2014,0.5989
4/29/2014,0.5988
4/25/2014,0.5904
4/24/2014,0.5881
4/23/2014,0.5925
4/22/2014,0.5892
4/17/2014,0.5848
4/16/2014,0.5922
4/15/2014,0.5878
4/14/2014,0.5775
4/11/2014,0.5808
4/10/2014,0.5891
4/9/2014,0.5893
4/8/2014,0.5897
4/7/2014,0.5813
4/4/2014,0.5789
4/3/2014,0.5782
4/2/2014,0.5859
4/1/2014,0.5813
3/31/2014,0.5748
3/28/2014,0.5964
3/27/2014,0.5978
3/26/2014,0.5795
3/25/2014,0.5591
3/24/2014,0.5552
3/20/2014,0.5836
3/19/2014,0.5984
3/18/2014,0.5765
3/17/2014,0.5713
3/14/2014,0.56
3/13/2014,0.5563
3/12/2014,0.5442
3/11/2014,0.5509
3/10/2014,0.5547
3/7/2014,0.5611
3/6/2014,0.569
3/5/2014,0.5509
3/4/2014,0.5452
3/3/2014,0.5399
2/28/2014,0.5421
2/27/2014,0.5369
2/26/2014,0.5396
2/25/2014,0.5337
2/24/2014,0.5284
2/21/2014,0.5251
2/20/2014,0.5192
2/19/2014,0.5257
2/18/2014,0.5255
2/17/2014,0.5266
2/14/2014,0.5184
2/13/2014,0.5118
2/12/2014,0.5156
2/11/2014,0.5061
2/10/2014,0.5036
2/7/2014,0.5072
2/6/2014,0.5026
2/5/2014,0.5021
2/4/2014,0.4986
2/3/2014,0.5011
1/31/2014,0.4995
1/30/2014,0.4887
1/29/2014,0.5069
1/28/2014,0.5009
1/27/2014,0.4949
1/24/2014,0.5022
1/23/2014,0.5061
1/22/2014,0.5116
1/21/2014,0.505
1/20/2014,0.5073
1/17/2014,0.5066
1/16/2014,0.504
1/15/2014,0.5076
1/14/2014,0.5058
1/13/2014,0.5141
1/10/2014,0.5137
1/9/2014,0.5105
1/8/2014,0.518
1/7/2014,0.5185
1/6/2014,0.5167
1/3/2014,0.5196
1/2/2014,0.5212
12/31/2013,0.5259
12/30/2013,0.5295
12/27/2013,0.5309
12/24/2013,0.533
12/23/2013,0.5302
12/20/2013,0.5219
12/19/2013,0.5261
12/18/2013,0.5207
12/17/2013,0.5375
12/13/2013,0.5349
12/12/2013,0.5381
12/11/2013,0.541
12/10/2013,0.5419
12/9/2013,0.5401
12/6/2013,0.5323
12/5/2013,0.5312
12/4/2013,0.5378
12/3/2013,0.5391
12/2/2013,0.5451
11/29/2013,0.5412
11/28/2013,0.5388
11/27/2013,0.5409
11/26/2013,0.5448
11/25/2013,0.5451
11/22/2013,0.5434
11/21/2013,0.543
11/20/2013,0.5438
11/19/2013,0.5515
11/18/2013,0.5479
11/15/2013,0.5442
11/14/2013,0.5381
11/13/2013,0.5348
11/12/2013,0.53
11/11/2013,0.5368
11/8/2013,0.5396
11/7/2013,0.539
11/6/2013,0.5413
11/5/2013,0.544
11/4/2013,0.5421
11/1/2013,0.5436
10/31/2013,0.5504
10/30/2013,0.5525
10/29/2013,0.552
10/28/2013,0.5463
10/25/2013,0.544
10/24/2013,0.5433
10/23/2013,0.5417
10/22/2013,0.5376
10/21/2013,0.5376
10/18/2013,0.537
10/17/2013,0.536
10/16/2013,0.5296
10/15/2013,0.533
10/14/2013,0.5313
10/11/2013,0.5332
10/10/2013,0.5325
10/9/2013,0.531
10/8/2013,0.5296
10/7/2013,0.526
10/4/2013,0.5273
10/3/2013,0.524
10/2/2013,0.5257
10/1/2013,0.533
9/30/2013,0.5277
9/27/2013,0.5265
9/26/2013,0.5317
9/25/2013,0.5399
9/23/2013,0.5392
9/20/2013,0.5435
9/19/2013,0.5446
9/18/2013,0.54
9/17/2013,0.5444
9/16/2013,0.5481
9/13/2013,0.5367
9/12/2013,0.5381
9/11/2013,0.5384
9/10/2013,0.5342
9/9/2013,0.5367
9/6/2013,0.5258
9/5/2013,0.5205
9/4/2013,0.5226
9/3/2013,0.5226
9/2/2013,0.5262
8/30/2013,0.5206
8/29/2013,0.5223
8/28/2013,0.5184
8/27/2013,0.5208
8/26/2013,0.5292
8/23/2013,0.5264
8/22/2013,0.5216
8/21/2013,0.529
8/20/2013,0.5328
8/19/2013,0.5376
8/16/2013,0.5439
8/15/2013,0.5466
8/14/2013,0.5434
8/13/2013,0.5475
8/12/2013,0.5529
8/8/2013,0.5522
8/7/2013,0.5511
8/6/2013,0.5559
8/5/2013,0.5576
8/2/2013,0.5459
8/1/2013,0.5535
7/31/2013,0.5566
7/30/2013,0.5582
7/29/2013,0.5571
7/26/2013,0.564
7/25/2013,0.5601
7/24/2013,0.5653
7/23/2013,0.5592
7/22/2013,0.559
7/19/2013,0.5535
7/18/2013,0.5578
7/17/2013,0.5558
7/16/2013,0.5541
7/15/2013,0.5534
7/12/2013,0.5451
7/11/2013,0.5499
7/10/2013,0.5498
7/9/2013,0.5476
7/8/2013,0.5375
7/5/2013,0.5474
7/4/2013,0.5459
7/3/2013,0.5451
7/2/2013,0.5542
7/1/2013,0.5545
6/28/2013,0.5494
6/27/2013,0.5471
6/26/2013,0.5447
6/25/2013,0.5487
6/24/2013,0.5333
6/21/2013,0.5349
6/20/2013,0.529
6/19/2013,0.5508
6/18/2013,0.5426
6/14/2013,0.5489
6/13/2013,0.5408
6/12/2013,0.5413
6/11/2013,0.5277
6/10/2013,0.5292
6/7/2013,0.5402
6/6/2013,0.5351
6/5/2013,0.5427
6/4/2013,0.5468
6/3/2013,0.5318
5/31/2013,0.5246
5/30/2013,0.5446
5/29/2013,0.54
5/28/2013,0.5513
5/27/2013,0.5529
5/24/2013,0.5532
5/23/2013,0.5506
5/22/2013,0.5607
5/21/2013,0.5638
5/20/2013,0.5701
5/17/2013,0.569
5/16/2013,0.5747
5/15/2013,0.5779
5/14/2013,0.5807
5/13/2013,0.5837
5/10/2013,0.587
5/9/2013,0.5902
5/8/2013,0.5874
5/7/2013,0.5877
5/6/2013,0.5925
5/3/2013,0.5921
5/2/2013,0.5882
4/30/2013,0.5909
4/29/2013,0.5898
4/26/2013,0.5879
4/25/2013,0.592
4/24/2013,0.5842
4/23/2013,0.5795
4/22/2013,0.575
4/19/2013,0.585
4/18/2013,0.5799
4/17/2013,0.5831
4/16/2013,0.579
4/15/2013,0.5928
4/12/2013,0.5983
4/11/2013,0.6044
4/10/2013,0.604
4/9/2013,0.5998
4/8/2013,0.5943
4/5/2013,0.5886
4/4/2013,0.5814
4/3/2013,0.5839
4/2/2013,0.5876
3/28/2013,0.5842
3/27/2013,0.5826
3/26/2013,0.584
3/25/2013,0.5815
3/22/2013,0.578
3/20/2013,0.5864
3/19/2013,0.588
3/18/2013,0.587
3/15/2013,0.5864
3/14/2013,0.5841
3/13/2013,0.5882
3/12/2013,0.5826
3/11/2013,0.5806
3/8/2013,0.5874
3/7/2013,0.5895
3/6/2013,0.5928
3/5/2013,0.5911
3/4/2013,0.5899
3/1/2013,0.5925
2/28/2013,0.6051
2/27/2013,0.6059
2/26/2013,0.6073
2/25/2013,0.6011
2/22/2013,0.601
2/21/2013,0.5982
2/20/2013,0.6014
2/19/2013,0.594
2/18/2013,0.6018
2/15/2013,0.6072
2/14/2013,0.6001
2/13/2013,0.5962
2/12/2013,0.5909
2/11/2013,0.5968
2/8/2013,0.5928
2/7/2013,0.6041
2/6/2013,0.6037
2/5/2013,0.5988
2/4/2013,0.6032
2/1/2013,0.6044
1/31/2013,0.595
1/30/2013,0.5948
1/29/2013,0.5858
1/28/2013,0.5912
1/25/2013,0.5901
1/24/2013,0.5867
1/23/2013,0.5943
1/22/2013,0.6001
1/21/2013,0.5962
1/18/2013,0.5967
1/17/2013,0.6007
1/16/2013,0.5954
1/15/2013,0.605
1/14/2013,0.6058
1/11/2013,0.6081
1/10/2013,0.6117
1/9/2013,0.6109
1/8/2013,0.6084
1/7/2013,0.6156
1/4/2013,0.6089
1/3/2013,0.6159
1/2/2013,0.6188
12/31/2012,612.3404
12/28/2012,601.5419
12/27/2012,591.048
12/24/2012,584.8734
12/21/2012,611.9728
12/20/2012,615.8724
12/19/2012,619.5309
12/18/2012,613.8534
12/14/2012,608.0429
12/13/2012,611.5659
12/12/2012,607.9754
12/11/2012,611.7647
12/10/2012,607.4476
12/7/2012,602.6573
12/6/2012,598.5144
12/5/2012,596.8835
12/4/2012,591.9335
12/3/2012,588.3332
11/30/2012,594.9939
11/29/2012,601.2457
11/28/2012,594.9775
11/27/2012,590.6033
11/26/2012,589.2853
11/23/2012,582.5645
11/22/2012,582.6551
11/21/2012,584.7032
11/20/2012,582.9049
11/19/2012,589.9681
11/16/2012,586.1401
11/15/2012,584.2645
11/14/2012,591.4244
11/13/2012,594.1753
11/12/2012,596.4493
11/9/2012,593.3665
11/8/2012,597.5047
11/7/2012,597.1897
11/6/2012,590.5852
11/5/2012,582.8847
11/2/2012,597.1987
11/1/2012,608.6903
10/31/2012,612.2809
10/30/2012,611.2082
10/29/2012,603.7696
10/26/2012,600.2326
10/25/2012,602.6998
10/24/2012,597.3455
10/23/2012,603.3055
10/22/2012,604.443
10/19/2012,601.5278
10/18/2012,604.1624
10/17/2012,600.9513
10/16/2012,590.8101
10/15/2012,591.9284
10/12/2012,594.3724
10/11/2012,594.0099
10/10/2012,595.1534
10/9/2012,582.3809
10/8/2012,572.8548
10/5/2012,582.1044
10/4/2012,597.5697
10/3/2012,604.5676
10/2/2012,606.0217
10/1/2012,614.701
9/28/2012,619.6631
9/27/2012,621.6365
9/26/2012,617.4184
9/25/2012,618.9759
9/21/2012,612.419
9/20/2012,601.9221
9/19/2012,611.196
9/18/2012,607.8702
9/17/2012,601.3695
9/14/2012,602.3158
9/13/2012,603.0342
9/12/2012,612.4067
9/11/2012,608.166
9/10/2012,607.2398
9/7/2012,604.3633
9/6/2012,595.0557
9/5/2012,593.9882
9/4/2012,599.2025
9/3/2012,594.3995
8/31/2012,594.207
8/30/2012,587.3593
8/29/2012,586.7203
8/28/2012,586.1203
8/27/2012,583.9373
8/24/2012,584.5653
8/23/2012,588.8202
8/22/2012,586.1456
8/21/2012,589.3728
8/20/2012,587.3402
8/17/2012,591.4866
8/16/2012,586.8778
8/15/2012,603.6614
8/14/2012,605.4226
8/13/2012,601.9225
8/10/2012,598.4485
8/8/2012,591.9064
8/7/2012,599.3242
8/6/2012,602.3886
8/3/2012,594.9914
8/2/2012,592.7315
8/1/2012,602.4971
7/31/2012,607.9891
7/30/2012,601.6698
7/27/2012,590.843
7/26/2012,577.5314
7/25/2012,576.4048
7/24/2012,576.2004
7/23/2012,580.5458
7/20/2012,595.2209
7/19/2012,598.4879
7/18/2012,598.2317
7/17/2012,598.1979
7/16/2012,586.6733
7/13/2012,585.6015
7/12/2012,573.9188
7/11/2012,572.6715
7/10/2012,569.4215
7/9/2012,587.3286
7/6/2012,585.1968
7/5/2012,607.4216
7/4/2012,624.4112
7/3/2012,631.0095
7/2/2012,627.6227
6/29/2012,624.7385
6/28/2012,615.4865
6/27/2012,612.3785
6/26/2012,610.1132
6/25/2012,610.7608
6/22/2012,614.3178
6/21/2012,625.7851
6/20/2012,627.7274
6/19/2012,625.4945
6/18/2012,623.6538
6/15/2012,625.2715
6/14/2012,628.6356
6/13/2012,634.942
6/12/2012,631.759
6/11/2012,641.6367
6/8/2012,627.1114
6/7/2012,640.6921
6/6/2012,633.5732
6/5/2012,625.1078
6/4/2012,621.0063
6/1/2012,623.8978
5/31/2012,627.3058
5/30/2012,629.944
5/29/2012,633.4511
5/28/2012,632.1331
5/25/2012,632.02
5/24/2012,623.6552
5/23/2012,621.8831
5/22/2012,631.1204
5/21/2012,627.5058
5/18/2012,627.1258
5/17/2012,626.9965
5/16/2012,631.1879
5/15/2012,634.1221
5/14/2012,631.7624
5/11/2012,631.9103
5/10/2012,642.0815
5/9/2012,649.0573
5/8/2012,662.3744
5/7/2012,666.0287
5/4/2012,664.7672
5/3/2012,669.9988
5/2/2012,678.0916
4/30/2012,676.8141
4/26/2012,665.9074
4/25/2012,664.0949
4/24/2012,664.1065
4/23/2012,672.8463
4/20/2012,682.6904
4/19/2012,676.629
4/18/2012,673.0558
4/17/2012,662.434
4/16/2012,654.6709
4/13/2012,661.0291
4/12/2012,659.748
4/11/2012,653.8376
4/10/2012,665.5392
4/5/2012,671.0739
4/4/2012,677.5613
4/3/2012,688.9777
4/2/2012,690.3331
3/30/2012,688.6231
3/29/2012,689.1461
3/28/2012,696.7237
3/27/2012,700.6322
3/26/2012,693.5135
3/23/2012,694.4244
3/22/2012,690.8485
3/20/2012,696.3305
3/19/2012,696.7021
3/16/2012,692.0348
3/15/2012,686.9355
3/14/2012,695.2869
3/13/2012,697.8679
3/12/2012,693.1544
3/9/2012,700.6178
3/8/2012,696.1575
3/7/2012,689.9589
3/6/2012,694.1072
3/5/2012,698.3441
3/2/2012,705.1535
3/1/2012,702.139
2/29/2012,702.0846
2/28/2012,701.0634
2/27/2012,691.3115
2/24/2012,689.9904
2/23/2012,683.0801
2/22/2012,676.4743
2/21/2012,679.7389
2/20/2012,680.0726
2/17/2012,669.8028
2/16/2012,665.5103
2/15/2012,677.251
2/14/2012,679.4398
2/13/2012,690.9509
2/10/2012,683.0586
2/9/2012,685.553
2/8/2012,689.2465
2/7/2012,688.2497
2/6/2012,681.3621
2/3/2012,674.8846
2/2/2012,669.9809
2/1/2012,659.3585
1/31/2012,657.4095
1/30/2012,654.2971
1/27/2012,658.0233
1/26/2012,649.1666
1/25/2012,645.6034
1/24/2012,642.0246
1/23/2012,646.0255
1/20/2012,647.9954
1/19/2012,643.9551
1/18/2012,639.1092
1/17/2012,639.0788
1/16/2012,630.0163
1/13/2012,631.434
1/12/2012,633.1259
1/11/2012,634.7309
1/10/2012,634.7146
1/9/2012,632.4003
1/6/2012,628.305
1/5/2012,627.143
1/4/2012,635.7547
1/3/2012,636.155
12/30/2011,628.3905
12/29/2011,626.392
12/28/2011,625.9342
12/23/2011,627.677
12/22/2011,626.5587
12/21/2011,629.8683
12/20/2011,612.85
12/19/2011,612.5103
12/15/2011,613.7994
12/14/2011,618.2889
12/13/2011,622.2136
12/12/2011,626.7957
12/9/2011,620.9957
12/8/2011,634.3587
12/7/2011,642.3967
12/6/2011,639.3818
12/5/2011,641.3564
12/2/2011,630.6262
12/1/2011,622.9463
11/30/2011,608.6981
11/29/2011,610.9361
11/28/2011,606.5592
11/25/2011,596.3336
11/24/2011,597.6112
11/23/2011,601.9825
11/22/2011,611.2369
11/21/2011,610.2165
11/18/2011,611.2777
11/17/2011,617.862
11/16/2011,618.1998
11/15/2011,626.9603
11/14/2011,632.113
11/11/2011,630.3373
11/10/2011,625.5668
11/9/2011,627.3587
11/8/2011,626.5649
11/7/2011,623.2242
11/4/2011,628.3166
11/3/2011,616.9559
11/2/2011,617.0949
11/1/2011,617.9836
10/31/2011,628.0391
10/28/2011,631.8789
10/27/2011,626.8503
10/26/2011,621.0814
10/25/2011,619.766
10/24/2011,617.9376
10/21/2011,606.7431
10/20/2011,621.2727
10/19/2011,627.6591
10/18/2011,628.6107
10/17/2011,640.8155
10/14/2011,632.7634
10/13/2011,629.8603
10/12/2011,635.3849
10/11/2011,619.8134
10/10/2011,624.2652
10/7/2011,619.7738
10/6/2011,627.6017
10/5/2011,611.4907
10/4/2011,604.053
10/3/2011,604.0898
9/30/2011,601.1144
9/29/2011,619.2225
9/28/2011,608.0499
9/27/2011,618.3891
9/26/2011,623.78
9/23/2011,622.3961
9/22/2011,608.6311
9/21/2011,620.6927
9/20/2011,629.4126
9/19/2011,639.1885
9/16/2011,654.4505
9/15/2011,654.686
9/14/2011,661.5891
9/13/2011,663.1054
9/12/2011,671.7079
9/9/2011,683.2881
9/8/2011,694.8055
9/7/2011,697.8733
9/6/2011,701.1672
9/5/2011,703.3403
9/2/2011,705.5486
9/1/2011,707.1781
8/31/2011,706.3496
8/30/2011,702.0873
8/29/2011,696.6368
8/26/2011,689.9624
8/25/2011,685.1695
8/24/2011,686.4571
8/23/2011,694.005
8/22/2011,688.47
8/19/2011,687.6083
8/18/2011,695.3391
8/17/2011,692.8958
8/16/2011,688.032
8/15/2011,686.562
8/12/2011,685.8609
8/11/2011,694.8375
8/10/2011,687.5587
8/8/2011,705.5585
8/5/2011,696.6057
8/4/2011,708.1088
8/3/2011,713.0445
8/2/2011,714.737
8/1/2011,717.3724
7/29/2011,708.9307
7/28/2011,723.3673
7/27/2011,718.4121
7/26/2011,718.5473
7/25/2011,708.9455
7/22/2011,711.227
7/21/2011,702.7592
7/20/2011,702.4627
7/19/2011,696.056
7/18/2011,698.2404
7/15/2011,701.2555
7/14/2011,704.0435
7/13/2011,705.9006
7/12/2011,703.7162
7/11/2011,714.957
7/8/2011,722.3828
7/7/2011,718.3519
7/6/2011,714.4252
7/5/2011,715.2597
7/4/2011,722.7537
7/1/2011,712.6929
6/30/2011,711.7415
6/29/2011,709.6806
6/28/2011,707.0412
6/27/2011,700.911
6/24/2011,704.5159
6/23/2011,713.2757
6/22/2011,720.792
6/21/2011,710.1648
6/20/2011,703.6186
6/17/2011,705.525
6/15/2011,711.5701
6/14/2011,711.5941
6/13/2011,706.9211
6/10/2011,707.5838
6/9/2011,712.9794
6/8/2011,708.2908
6/7/2011,708.1029
6/6/2011,710.9876
6/3/2011,711.4867
6/2/2011,702.5672
6/1/2011,703.3236
5/31/2011,691.5159
5/30/2011,690.4175
5/27/2011,685.312
5/26/2011,680.3706
5/25/2011,675.3912
5/24/2011,681.3544
5/23/2011,677.6985
5/20/2011,691.6861
5/19/2011,687.7925
5/17/2011,678.9317
5/16/2011,680.357
5/13/2011,688.6973
5/12/2011,685.9198
5/11/2011,700.8678
5/10/2011,704.8767
5/9/2011,712.9175
5/6/2011,702.9915
5/5/2011,708.9695
5/4/2011,710.5412
5/3/2011,710.3315
4/29/2011,708.1689
4/28/2011,710.2591
4/26/2011,701.3408
4/21/2011,696.0998
4/20/2011,689.0429
4/19/2011,686.497
4/18/2011,687.7615
4/15/2011,687.1775
4/14/2011,690.6925
4/13/2011,697.2915
4/12/2011,701.7227
4/11/2011,710.1168
4/8/2011,706.9867
4/7/2011,702.0833
4/6/2011,705.2723
4/5/2011,701.4159
4/4/2011,700.9313
4/1/2011,696.8148
3/31/2011,699.6493
3/30/2011,689.1257
3/29/2011,689.2097
3/28/2011,691.4112
3/25/2011,690.7326
3/24/2011,684.3243
3/23/2011,689.06
3/22/2011,688.0983
3/18/2011,679.0121
3/17/2011,682.4249
3/16/2011,687.191
3/15/2011,698.8445
3/14/2011,686.6096
3/11/2011,694.8988
3/10/2011,688.5819
3/9/2011,683.6517
3/8/2011,687.207
3/7/2011,684.2561
3/4/2011,686.3678
3/3/2011,688.9074
3/2/2011,682.0533
3/1/2011,685.788
2/28/2011,681.1636
2/25/2011,683.6798
2/24/2011,668.3464
2/23/2011,668.0008
2/22/2011,659.4505
2/21/2011,664.3357
2/18/2011,660.5793
2/17/2011,656.5521
2/16/2011,646.9183
2/15/2011,644.6046
2/14/2011,653.2552
2/11/2011,653.369
2/10/2011,650.874
2/9/2011,660.9918
2/8/2011,664.5605
2/7/2011,664.8453
2/4/2011,661.6222
2/3/2011,665.9268
2/2/2011,682.1896
2/1/2011,679.2359
1/31/2011,673.9376
1/28/2011,680.2616
1/27/2011,679.647
1/26/2011,677.365
1/25/2011,680.2322
1/24/2011,674.9797
1/21/2011,674.0179
1/20/2011,676.3167
1/19/2011,692.0102
1/18/2011,699.0742
1/17/2011,686.1453
1/14/2011,692.1218
1/13/2011,692.2175
1/12/2011,696.6203
1/11/2011,698.7921
1/10/2011,698.3003
1/7/2011,698.8699
1/6/2011,704.2555
1/5/2011,709.5895
1/4/2011,721.1779
1/3/2011,726.9278
12/31/2010,722.5513
12/30/2010,722.5441
12/29/2010,710.6766
12/28/2010,714.0995
12/24/2010,702.4444
12/23/2010,697.4041
12/22/2010,688.0765
12/21/2010,690.2146
12/20/2010,682.8031
12/17/2010,684.6412
12/15/2010,679.584
12/14/2010,676.937
12/13/2010,677.909
12/10/2010,691.4921
12/9/2010,686.7018
12/8/2010,680.8427
12/7/2010,684.675
12/6/2010,688.2044
12/3/2010,687.6553
12/2/2010,690.6588
12/1/2010,695.581
11/30/2010,691.0652
11/29/2010,682.726
11/26/2010,669.0887
11/25/2010,671.0641
11/24/2010,663.6348
11/23/2010,662.5302
11/22/2010,666.5677
11/19/2010,668.8044
11/18/2010,667.3537
11/17/2010,667.8238
11/16/2010,670.9918
11/15/2010,667.2632
11/12/2010,663.2723
11/11/2010,677.4929
11/10/2010,676.7686
11/9/2010,673.1091
11/8/2010,680.9674
11/5/2010,678.4009
11/4/2010,682.7643
11/3/2010,677.2345
11/2/2010,672.291
11/1/2010,668.9565
10/29/2010,663.1623
10/28/2010,659.5832
10/27/2010,663.4401
10/26/2010,672.1008
10/25/2010,675.113
10/22/2010,668.6861
10/21/2010,674.6165
10/20/2010,671.8664
10/19/2010,676.6955
10/18/2010,670.3477
10/15/2010,677.9158
10/14/2010,674.245
10/13/2010,688.3123
10/12/2010,685.1197
10/11/2010,686.1376
10/8/2010,684.6271
10/7/2010,691.9997
10/6/2010,691.3238
10/5/2010,679.965
10/4/2010,687.6849
10/1/2010,691.0782
9/30/2010,696.6259
9/29/2010,695.7859
9/28/2010,690.1375
9/27/2010,691.8637
9/23/2010,684.2936
9/22/2010,689.2364
9/21/2010,685.1847
9/20/2010,682.0794
9/17/2010,684.6669
9/16/2010,682.9916
9/15/2010,681.0465
9/14/2010,675.774
9/13/2010,680.2105
9/10/2010,678.603
9/9/2010,679.7489
9/8/2010,674.278
9/7/2010,676.4151
9/6/2010,674.4759
9/3/2010,675.9854
9/2/2010,669.7899
9/1/2010,667.7887
8/31/2010,666.9995
8/30/2010,667.9017
8/27/2010,676.6533
8/26/2010,678.8384
8/25/2010,674.8641
8/24/2010,670.9105
8/23/2010,679.6607
8/20/2010,673.0704
8/19/2010,676.9526
8/18/2010,674.9676
8/17/2010,674.808
8/16/2010,676.5665
8/13/2010,682.0763
8/12/2010,688.2705
8/11/2010,683.2851
8/10/2010,677.94
8/6/2010,665.8722
8/5/2010,667.4408
8/4/2010,662.6284
8/3/2010,658.6202
8/2/2010,669.0675
7/30/2010,664.1524
7/29/2010,670.8656
7/28/2010,669.4626
7/27/2010,665.4586
7/26/2010,672.9887
7/23/2010,682.251
7/22/2010,674.399
7/21/2010,673.2314
7/20/2010,668.3014
7/19/2010,654.8751
7/16/2010,657.8965
7/15/2010,664.4012
7/14/2010,664.699
7/13/2010,664.7949
7/12/2010,660.1483
7/9/2010,661.5199
7/8/2010,664.6451
7/7/2010,666.9107
7/6/2010,665.2871
7/5/2010,662.9827
7/2/2010,668.7656
7/1/2010,672.0923
6/30/2010,673.924
6/29/2010,678.5115
6/28/2010,683.6896
6/25/2010,672.4175
6/24/2010,665.1441
6/23/2010,672.5415
6/22/2010,678.6066
6/21/2010,681.478
6/18/2010,675.1497
6/17/2010,669.8194
6/15/2010,664.604
6/14/2010,663.9286
6/11/2010,660.903
6/10/2010,664.9611
6/9/2010,674.7653
6/8/2010,663.1204
6/7/2010,663.7102
6/4/2010,664.5742
6/3/2010,667.1291
6/2/2010,654.5023
6/1/2010,649.6515
5/31/2010,654.78
5/28/2010,670.199
5/27/2010,659.8976
5/26/2010,650.5821
5/25/2010,632.3411
5/24/2010,641.8531
5/21/2010,637.1846
5/20/2010,644.296
5/19/2010,655.0172
5/18/2010,660.8345
5/17/2010,653.2282
5/14/2010,650.2265
5/13/2010,652.9162
5/12/2010,659.3286
5/11/2010,659.9762
5/10/2010,657.4435
5/7/2010,660.0346
5/6/2010,638.4406
5/5/2010,632.6282
5/4/2010,641.5031
5/3/2010,642.1408
4/30/2010,644.9337
4/29/2010,641.7628
4/28/2010,632.3796
4/26/2010,633.0344
4/23/2010,627.5703
4/22/2010,627.1053
4/21/2010,630.3098
4/20/2010,630.5458
4/19/2010,629.3388
4/16/2010,630.7259
4/15/2010,632.0427
4/14/2010,639.1255
4/13/2010,637.2963
4/12/2010,638.8407
4/9/2010,645.2422
4/8/2010,634.0318
4/7/2010,645.3365
4/6/2010,641.1727
4/1/2010,643.8275
3/31/2010,643.4867
3/30/2010,640.5712
3/29/2010,642.6531
3/26/2010,640.9487
3/25/2010,644.4295
3/24/2010,641.5781
3/23/2010,643.4704
3/19/2010,638.3745
3/18/2010,643.5592
3/17/2010,641.2393
3/16/2010,626.471
3/15/2010,625.8334
3/12/2010,630.3427
3/11/2010,622.5131
3/10/2010,622.3461
3/9/2010,623.7092
3/8/2010,628.2342
3/5/2010,627.0376
3/4/2010,622.1584
3/3/2010,619.2541
3/2/2010,615.138
3/1/2010,610.8659
2/26/2010,610.0757
2/25/2010,605.9699
2/24/2010,608.7657
2/23/2010,614.924
2/22/2010,611.7921
2/19/2010,611.251
2/18/2010,611.4231
2/17/2010,613.436
2/16/2010,607.4278
2/15/2010,604.9929
2/12/2010,608.5956
2/11/2010,608.8818
2/10/2010,608.6382
2/9/2010,604.8576
2/8/2010,605.1381
2/5/2010,604.4924
2/4/2010,614.2976
2/3/2010,614.3723
2/2/2010,615.4912
2/1/2010,607.1365
1/29/2010,603.589
1/28/2010,609.3815
1/27/2010,600.3949
1/26/2010,594.8095
1/25/2010,588.5149
1/22/2010,587.5617
1/21/2010,586.4886
1/20/2010,589.9654
1/19/2010,597.4549
1/18/2010,600.7045
1/15/2010,600.4342
1/14/2010,602.0518
1/13/2010,607.8333
1/12/2010,608.877
1/11/2010,610.4374
1/8/2010,614.5061
1/7/2010,622.1346
1/6/2010,629.9879
1/5/2010,634.2179
1/4/2010,630.812
12/31/2009,628.7234
12/30/2009,632.0299
12/29/2009,625.7655
12/28/2009,616.3699
12/24/2009,615.937
12/23/2009,604.8533
12/22/2009,604.3573
12/21/2009,609.7522
12/18/2009,621.0913
12/17/2009,635.0841
12/15/2009,632.7826
12/14/2009,630.0855
12/11/2009,626.3747
12/10/2009,621.3738
12/9/2009,619.8998
12/8/2009,624.8049
12/7/2009,623.1832
12/4/2009,634.4372
12/3/2009,643.3433
12/2/2009,640.8818
12/1/2009,634.6658
11/30/2009,632.4079
11/27/2009,627.3252
11/26/2009,628.7198
11/25/2009,628.5949
11/24/2009,618.2208
11/23/2009,617.2133
11/20/2009,615.3747
11/19/2009,614.7925
11/18/2009,624.4069
11/17/2009,625.2073
11/16/2009,628.2923
11/13/2009,622.3892
11/12/2009,628.1401
11/11/2009,634.9839
11/10/2009,626.3049
11/9/2009,624.5851
11/6/2009,612.9449
11/5/2009,604.8848
11/4/2009,600.1504
11/3/2009,587.9488
11/2/2009,588.2228
10/30/2009,599.0775
10/29/2009,598.8286
10/28/2009,602.8178
10/27/2009,612.9463
10/26/2009,622.0271
10/23/2009,626.9139
10/22/2009,627.3367
10/21/2009,635.9345
10/20/2009,634.5027
10/19/2009,629.785
10/16/2009,624.6577
10/15/2009,639.1613
10/14/2009,640.0147
10/13/2009,639.2895
10/12/2009,628.8507
10/9/2009,628.0526
10/8/2009,632.8422
10/7/2009,623.8188
10/6/2009,625.8604
10/5/2009,619.2237
10/2/2009,606.419
10/1/2009,616.2738
9/30/2009,638.4691
9/29/2009,640.6612
9/28/2009,644.0777
9/25/2009,617.9869
9/23/2009,626.7999
9/22/2009,628.7963
9/21/2009,615.7165
9/18/2009,618.4381
9/17/2009,635.4598
9/16/2009,634.4784
9/15/2009,625.7824
9/14/2009,618.0679
9/11/2009,609.8697
9/10/2009,607.0908
9/9/2009,616.4793
9/8/2009,617.665
9/7/2009,614.4532
9/4/2009,606.1628
9/3/2009,596.5292
9/2/2009,592.2782
9/1/2009,590.4224
8/31/2009,605.2468
8/28/2009,605.2454
8/27/2009,607.6328
8/26/2009,613.29
8/25/2009,617.8159
8/24/2009,617.4212
8/21/2009,613.077
8/20/2009,607.8207
8/19/2009,600.7193
8/18/2009,593.2993
8/17/2009,579.6539
8/14/2009,595.4637
8/13/2009,611.3742
8/12/2009,597.4975
8/11/2009,604.2433
8/7/2009,602.4699
8/6/2009,610.2562
8/5/2009,623.9566
8/4/2009,628.6742
8/3/2009,648.4334
7/31/2009,650.6647
7/30/2009,646.4002
7/29/2009,643.0222
7/28/2009,655.6794
7/27/2009,654.1502
7/24/2009,658.0703
7/23/2009,663.6553
7/22/2009,652.0519
7/21/2009,648.5324
7/20/2009,637.633
7/17/2009,636.5791
7/16/2009,631.7484
7/15/2009,630.4707
7/14/2009,636.2996
7/13/2009,628.2566
7/10/2009,629.5893
7/9/2009,641.4646
7/8/2009,645.782
7/7/2009,643.1979
7/6/2009,643.4878
7/3/2009,650.3935
7/2/2009,663.7567
7/1/2009,676.0157
6/30/2009,662.9748
6/29/2009,663.1149
6/26/2009,658.9039
6/25/2009,651.6682
6/24/2009,636.5313
6/23/2009,637.3686
6/22/2009,632.8975
6/19/2009,623.9489
6/18/2009,623.4972
6/17/2009,629.7846
6/15/2009,612.118
6/12/2009,624.927
6/11/2009,627.5346
6/10/2009,627.4504
6/9/2009,610.6559
6/8/2009,607.6495
6/5/2009,615.5795
6/4/2009,618.2805
6/3/2009,620.4725
6/2/2009,616.7061
6/1/2009,635.3425
5/29/2009,652.925
5/28/2009,632.1872
5/27/2009,616.6915
5/26/2009,611.5085
5/25/2009,612.1327
5/22/2009,607.1706
5/21/2009,606.0058
5/20/2009,610.5428
5/19/2009,607.0227
5/18/2009,599.1167
5/15/2009,618.7676
5/14/2009,627.3162
5/13/2009,614.0146
5/12/2009,606.4476
5/11/2009,613.6326
5/8/2009,601.9598
5/7/2009,625.9268
5/6/2009,617.8562
5/5/2009,646.1123
5/4/2009,643.4003
4/30/2009,667.9229
4/29/2009,662.7661
4/28/2009,636.235
4/24/2009,646.5733
4/23/2009,643.7274
4/21/2009,626.5428
4/20/2009,629.8619
4/17/2009,636.1964
4/16/2009,627.0362
4/15/2009,617.8009
4/14/2009,619.412
4/9/2009,617.0989
4/8/2009,604.7154
4/7/2009,621.7559
4/6/2009,622.2298
4/3/2009,626.7657
4/2/2009,597.1501
4/1/2009,586.817
3/31/2009,581.7207
3/30/2009,572.0233
3/27/2009,586.9233
3/26/2009,584.3895
3/25/2009,564.9755
3/24/2009,581.5423
3/23/2009,580.3291
3/20/2009,568.8561
3/19/2009,584.8553
3/18/2009,570.2717
3/17/2009,566.5994
3/16/2009,569.3078
3/13/2009,564.5277
3/12/2009,552.2136
3/11/2009,547.6873
3/10/2009,532.6127
3/9/2009,527.8878
3/6/2009,523.8395
3/5/2009,543.9868
3/4/2009,534.4601
3/3/2009,550.7552
3/2/2009,548.5553
2/27/2009,562.8246
2/26/2009,562.9903
2/25/2009,565.0578
2/24/2009,553.5245
2/23/2009,550.8019
2/20/2009,539.0113
2/19/2009,556.0587
2/18/2009,557.7589
2/17/2009,551.8179
2/16/2009,546.4585
2/13/2009,544.5284
2/12/2009,531.4156
2/11/2009,530.8555
2/10/2009,539.6948
2/9/2009,535.4598
2/6/2009,525.695
2/5/2009,514.9149
2/4/2009,511.3469
2/3/2009,508.2985
2/2/2009,505.4977
1/30/2009,505.756
1/29/2009,514.1226
1/28/2009,514.6506
1/27/2009,517.4906
1/26/2009,503.0097
1/23/2009,497.8131
1/22/2009,514.63
1/21/2009,497.6109
1/20/2009,490.3694
1/19/2009,500.2375
1/16/2009,505.0812
1/15/2009,488.643
1/14/2009,501.4558
1/13/2009,488.0997
1/12/2009,497.5938
1/9/2009,511.5304
1/8/2009,506.0097
1/7/2009,527.5702
1/6/2009,522.2494
1/5/2009,514.1838
1/2/2009,514.9095
12/31/2008,523.4573
12/30/2008,511.9985
12/29/2008,515.2631
12/24/2008,504.7404
12/23/2008,500.5617
12/22/2008,503.3285
12/19/2008,509.4932
12/18/2008,515.2252
12/17/2008,507.2387
12/15/2008,512.2598
12/12/2008,498.38
12/11/2008,488.5159
12/10/2008,482.9975
12/9/2008,476.6494
12/8/2008,474.5567
12/5/2008,464.6217
12/4/2008,462.7906
12/3/2008,445.6107
12/2/2008,439.6337
12/1/2008,443.718
11/28/2008,454.1787
11/27/2008,453.4958
11/26/2008,451.6104
11/25/2008,445.8102
11/24/2008,433.2576
11/21/2008,432.8579
11/20/2008,427.8664
11/19/2008,436.5931
11/18/2008,445.2109
11/17/2008,442.1532
11/14/2008,406.0592
11/13/2008,401.9546
11/12/2008,395.4395
11/11/2008,385.4752
11/10/2008,392.9337
11/7/2008,390.3921
11/6/2008,394.7201
11/5/2008,397.5789
11/4/2008,395.8922
11/3/2008,409.0863
10/31/2008,464.0948
10/30/2008,490.7176
10/29/2008,455.704
10/28/2008,437.7458
10/27/2008,402.3401
10/24/2008,386.9611
10/23/2008,385.3093
10/22/2008,398.1529
10/21/2008,422.4803
10/20/2008,418.4691
10/17/2008,409.4131
10/16/2008,385.9463
10/15/2008,412.0895
10/14/2008,422.0038
10/13/2008,433.6335
10/10/2008,414.4158
10/9/2008,412.8062
10/8/2008,393.9857
10/7/2008,403.2158
10/6/2008,412.3791
10/3/2008,412.034
10/2/2008,419.108
10/1/2008,429.1673
9/30/2008,429.9728
9/29/2008,433.3608
9/26/2008,437.4778
9/25/2008,434.1636
9/23/2008,443.4254
9/22/2008,444.6249
9/19/2008,443.2119
9/18/2008,436.1226
9/17/2008,435.6771
9/16/2008,427.304
9/15/2008,429.3558
9/12/2008,429.4809
9/11/2008,418.8209
9/10/2008,423.9433
9/9/2008,435.7014
9/8/2008,452.5267
9/5/2008,436.3813
9/4/2008,458.8617
9/3/2008,456.0898
9/2/2008,455.006
9/1/2008,455.5352
8/29/2008,457.0012
8/28/2008,456.6084
8/27/2008,450.5187
8/26/2008,450.4078
8/25/2008,461.0065
8/22/2008,464.9588
8/21/2008,468.5897
8/20/2008,464.085
8/19/2008,444.7688
8/18/2008,431.4632
8/15/2008,429.682
8/14/2008,436.6306
8/13/2008,429.0513
8/12/2008,431.9919
8/11/2008,440.3893
8/8/2008,442.522
8/7/2008,445.9365
8/6/2008,453.0656
8/5/2008,460.4796
8/4/2008,470.8514
8/1/2008,466.2165
7/31/2008,476.3271
7/30/2008,473.8562
7/29/2008,466.7549
7/28/2008,465.1656
7/25/2008,458.2436
7/24/2008,457.8303
7/23/2008,454.2076
7/22/2008,443.4844
7/21/2008,448.6462
7/18/2008,446.112
7/17/2008,444.0908
7/16/2008,438.517
7/15/2008,445.5435
7/14/2008,435.4866
7/11/2008,426.4705
7/10/2008,432.9226
7/9/2008,435.0179
7/8/2008,427.9777
7/7/2008,434.1828
7/4/2008,434.1825
7/3/2008,425.206
7/2/2008,410.6286
7/1/2008,404.9639
6/30/2008,404.8665
6/27/2008,402.9366
6/26/2008,404.6931
6/25/2008,394.7706
6/24/2008,397.4614
6/23/2008,398.8118
6/20/2008,397.4695
6/19/2008,402.3531
6/18/2008,396.5889
6/17/2008,398.3746
6/13/2008,412.5294
6/12/2008,403.6729
6/11/2008,408.7743
6/10/2008,406.3907
6/9/2008,422.1103
6/6/2008,423.9096
6/5/2008,428.5696
6/4/2008,431.1517
6/3/2008,435.3672
6/2/2008,440.8086
5/30/2008,452.0661
5/29/2008,451.1889
5/28/2008,445.4043
5/27/2008,444.9565
5/26/2008,444.8113
5/23/2008,440.2592
5/22/2008,439.1213
5/21/2008,449.0126
5/20/2008,449.1952
5/19/2008,457.7162
5/16/2008,444.6382
5/15/2008,447.5905
5/14/2008,436.7122
5/13/2008,437.9125
5/12/2008,442.105
5/9/2008,441.3197
5/8/2008,431.9105
5/7/2008,447.536
5/6/2008,451.8998
5/5/2008,453.7668
4/30/2008,457.6005
4/29/2008,459.825
4/25/2008,450.1951
4/24/2008,444.7295
4/23/2008,464.0532
4/22/2008,458.0105
4/21/2008,449.2407
4/18/2008,440.4689
4/17/2008,436.2107
4/16/2008,434.8332
4/15/2008,441.7721
4/14/2008,449.2176
4/11/2008,456.0001
4/10/2008,448.5552
4/9/2008,454.4642
4/8/2008,454.9268
4/7/2008,459.4262
4/4/2008,457.6886
4/3/2008,457.6216
4/2/2008,453.4086
4/1/2008,448.2354
3/31/2008,454.3416
3/28/2008,459.4366
3/27/2008,460.5856
3/26/2008,447.3322
3/25/2008,450.0641
3/20/2008,442.3304
3/19/2008,446.9471
3/18/2008,447.0624
3/17/2008,450.7465
3/14/2008,460.5322
3/13/2008,460.1194
3/12/2008,470.9351
3/11/2008,461.3274
3/10/2008,459.8552
3/7/2008,462.8293
3/6/2008,477.0314
3/5/2008,475.4594
3/4/2008,480.603
3/3/2008,468.6378
2/29/2008,492.5198
2/28/2008,502.0409
2/27/2008,504.4709
2/26/2008,485.5918
2/25/2008,486.0145
2/22/2008,478.3501
2/21/2008,476.3933
2/20/2008,478.3896
2/19/2008,494.0693
2/18/2008,491.2478
2/15/2008,491.7292
2/14/2008,491.6334
2/13/2008,483.9671
2/12/2008,488.2442
2/11/2008,482.0936
2/8/2008,488.3763
2/7/2008,489.5329
2/6/2008,493.5906
2/5/2008,503.7956
2/4/2008,508.3445
2/1/2008,505.7206
1/31/2008,519.8978
1/30/2008,528.0618
1/29/2008,531.447
1/28/2008,523.492
1/25/2008,537.3992
1/24/2008,534.9238
1/23/2008,538.4382
1/22/2008,516.8413
1/21/2008,525.8132
1/18/2008,529.2329
1/17/2008,538.5301
1/16/2008,542.8238
1/15/2008,556.9287
1/14/2008,557.946
1/11/2008,563.206
1/10/2008,557.8393
1/9/2008,557.2238
1/8/2008,559.6631
1/7/2008,558.9899
1/4/2008,562.4353
1/3/2008,561.244
1/2/2008,565.3711
12/31/2007,567.331
12/28/2007,562.2621
12/27/2007,552.9501
12/24/2007,550.1065
12/21/2007,544.0043
12/20/2007,545.9517
12/19/2007,553.5837
12/18/2007,557.0378
12/14/2007,567.7377
12/13/2007,569.8175
12/12/2007,571.378
12/11/2007,573.9852
12/10/2007,575.9743
12/7/2007,567.2588
12/6/2007,566.8956
12/5/2007,562.0895
12/4/2007,564.1533
12/3/2007,555.5398
11/30/2007,551.2445
11/29/2007,541.5502
11/28/2007,538.3019
11/27/2007,543.3026
11/26/2007,565.9542
11/23/2007,556.7159
11/22/2007,552.6601
11/21/2007,544.923
11/20/2007,550.763
11/19/2007,555.0132
11/16/2007,554.2594
11/15/2007,559.4559
11/14/2007,565.0858
11/13/2007,557.2948
11/12/2007,562.2392
11/9/2007,589.4245
11/8/2007,583.0044
11/7/2007,586.2019
11/6/2007,585.4112
11/5/2007,577.788
11/2/2007,576.2387
11/1/2007,581.3557
10/31/2007,579.9253
10/30/2007,578.1369
10/29/2007,585.0849
10/26/2007,580.5075
10/25/2007,575.518
10/24/2007,568.2075
10/23/2007,559.5903
10/22/2007,555.4694
10/19/2007,558.2603
10/18/2007,567.1571
10/17/2007,567.8878
10/16/2007,557.9785
10/15/2007,568.7798
10/12/2007,566.367
10/11/2007,557.6534
10/10/2007,563.4625
10/9/2007,560.5796
10/8/2007,563.5245
10/5/2007,556.5669
10/4/2007,559.0622
10/3/2007,561.0589
10/2/2007,564.6687
10/1/2007,563.1025
9/28/2007,563.6309
9/27/2007,562.1284
9/26/2007,552.2694
9/25/2007,541.6398
9/21/2007,548.9657
9/20/2007,551.3964
9/19/2007,550.0697
9/18/2007,549.9602
9/17/2007,552.4383
9/14/2007,554.7237
9/13/2007,554.4348
9/12/2007,565.226
9/11/2007,560.2977
9/10/2007,557.3123
9/7/2007,562.6021
9/6/2007,560.7063
9/5/2007,560.3608
9/4/2007,558.1649
9/3/2007,564.9004
8/31/2007,572.4793
8/30/2007,566.0724
8/29/2007,556.7178
8/28/2007,556.0715
8/27/2007,561.0618
8/24/2007,553.7327
8/23/2007,558.2387
8/22/2007,553.3159
8/21/2007,539.5259
8/20/2007,558.4917
8/17/2007,551.1747
8/16/2007,533.6094
8/15/2007,540.4915
8/14/2007,554.8521
8/13/2007,551.6161
8/10/2007,551.5509
8/8/2007,557.5882
8/7/2007,561.0385
8/6/2007,556.7934
8/3/2007,560.9867
8/2/2007,557.0591
8/1/2007,547.608
7/31/2007,549.9732
7/30/2007,542.0831
7/27/2007,545.3803
7/26/2007,559.7173
7/25/2007,559.8122
7/24/2007,559.8458
7/23/2007,557.6038
7/20/2007,556.3718
7/19/2007,558.7538
7/18/2007,552.8933
7/17/2007,549.6299
7/16/2007,544.6937
7/13/2007,548.7674
7/12/2007,538.5949
7/11/2007,539.6005
7/10/2007,542.2845
7/9/2007,540.5747
7/6/2007,536.5604
7/5/2007,543.4698
7/4/2007,538.9869
7/3/2007,540.3183
7/2/2007,537.9417
6/29/2007,531.2545
6/28/2007,530.5048
6/27/2007,525.741
6/26/2007,521.4332
6/25/2007,533.2128
6/22/2007,533.8042
6/21/2007,533.031
6/20/2007,544.8498
6/19/2007,544.6237
6/18/2007,544.8163
6/15/2007,538.1007
6/14/2007,539.2628
6/13/2007,544.4783
6/12/2007,550.5833
6/11/2007,552.5426
6/8/2007,548.6162
6/7/2007,554.3167
6/6/2007,553.3272
6/5/2007,553.9571
6/4/2007,550.4044
6/1/2007,556.7601
5/31/2007,556.1813
5/30/2007,558.5609
5/29/2007,561.6748
5/28/2007,560.9317
5/25/2007,554.2972
5/24/2007,554.3603
5/23/2007,554.681
5/22/2007,560.5179
5/21/2007,568.2139
5/18/2007,566.9009
5/17/2007,575.7674
5/16/2007,577.9131
5/15/2007,572.382
5/14/2007,580.2939
5/11/2007,577.2992
5/10/2007,582.8832
5/9/2007,588.3363
5/8/2007,588.7621
5/7/2007,582.2561
5/4/2007,573.8797
5/3/2007,581.1618
5/2/2007,581.0651
4/30/2007,581.8262
4/26/2007,595.9442
4/25/2007,591.8765
4/24/2007,577.0319
4/23/2007,582.0795
4/20/2007,568.362
4/19/2007,565.1124
4/18/2007,569.5452
4/17/2007,578.874
4/16/2007,579.0099
4/13/2007,580.0958
4/12/2007,581.3909
4/11/2007,584.8186
4/10/2007,584.7891
4/5/2007,591.3815
4/4/2007,592.7149
4/3/2007,587.5084
4/2/2007,586.7015
3/30/2007,582.2493
3/29/2007,578.9207
3/28/2007,586.8933
3/27/2007,589.8585
3/26/2007,593.23
3/23/2007,595.0946
3/22/2007,587.9385
3/20/2007,577.234
3/19/2007,572.3463
3/16/2007,570.511
3/15/2007,569.1977
3/14/2007,565.8556
3/13/2007,574.6546
3/12/2007,578.9753
3/9/2007,574.5824
3/8/2007,572.651
3/7/2007,569.7557
3/6/2007,570.6795
3/5/2007,560.9245
3/2/2007,581.9745
3/1/2007,581.2978
2/28/2007,584.4954
2/27/2007,596.2557
2/26/2007,593.174
2/23/2007,588.2015
2/22/2007,584.6306
2/21/2007,592.369
2/20/2007,597.4851
2/19/2007,590.0765
2/16/2007,585.135
2/15/2007,588.0625
2/14/2007,588.1197
2/13/2007,585.0286
2/12/2007,590.824
2/9/2007,598.6171
2/8/2007,596.5104
2/7/2007,596.2753
2/6/2007,591.6245
2/5/2007,591.4253
2/2/2007,596.8407
2/1/2007,597.3633
1/31/2007,586.6438
1/30/2007,579.7004
1/29/2007,587.1995
1/26/2007,583.4455
1/25/2007,596.3957
1/24/2007,591.8328
1/23/2007,596.9276
1/22/2007,592.9301
1/19/2007,589.762
1/18/2007,588.5957
1/17/2007,578.4003
1/16/2007,582.2193
1/15/2007,590.2919
1/12/2007,579.5955
1/11/2007,576.7039
1/10/2007,570.0943
1/9/2007,581.3109
1/8/2007,575.0985
1/5/2007,587.13
1/4/2007,603.6755
1/3/2007,580.7584
1/2/2007,613.6713
12/29/2006,631.6576
12/28/2006,625.3839
12/27/2006,609.9531
12/22/2006,592.3328
12/21/2006,582.6427
12/20/2006,581.4907
12/19/2006,568.4396
12/18/2006,569.9554
12/15/2006,570.2408
12/14/2006,592.2457
12/13/2006,593.8451
12/12/2006,574.9288
12/11/2006,570.307
12/8/2006,572.6655
12/7/2006,574.0984
12/6/2006,568.8302
12/5/2006,569.1103
12/4/2006,565.0465
12/1/2006,564.7284
11/30/2006,565.8131
11/29/2006,566.701
11/28/2006,560.9143
11/27/2006,572
11/24/2006,558.0438
11/23/2006,568.9711
11/22/2006,567.2701
11/21/2006,545.4237
11/20/2006,555.9868
11/17/2006,540.3463
11/16/2006,545.4887
11/15/2006,536.0577
11/14/2006,539.2418
11/13/2006,529.9756
11/10/2006,531.5682
11/9/2006,527.1868
11/8/2006,532.5244
11/7/2006,544.8053
11/6/2006,542.4336
11/3/2006,536.7801
11/2/2006,534.8802
11/1/2006,517.0128
10/31/2006,506.3144
10/30/2006,511.3048
10/27/2006,503.9002
10/26/2006,505.915
10/25/2006,494.2367
10/24/2006,485.3151
10/23/2006,501.0912
10/20/2006,504.9288
10/19/2006,499.6181
10/18/2006,512.8565
10/17/2006,517.3235
10/16/2006,509.1907
10/13/2006,503.1204
10/12/2006,495.2794
10/11/2006,493.5998
10/10/2006,490.5537
10/9/2006,477.8898
10/6/2006,475.0561
10/5/2006,482.7708
10/4/2006,489.7526
10/3/2006,507.8159
10/2/2006,552.6968
9/29/2006,540.6099
9/28/2006,544.6176
9/27/2006,519.3207
9/26/2006,515.1843
9/22/2006,515.7333
9/21/2006,550.3488
9/20/2006,543.6964
9/19/2006,553.3312
9/18/2006,563.3042
9/15/2006,544.5419
9/14/2006,587.5985
9/13/2006,587.3138
9/12/2006,576.9745
9/11/2006,536.2624
9/8/2006,538.6097
9/7/2006,534.7684
9/6/2006,549.1799
9/5/2006,548.3148
9/4/2006,534.3204
9/1/2006,531.509
8/31/2006,551.3453
8/30/2006,553.7941
8/29/2006,546.4828
8/28/2006,533.5986
8/25/2006,534.7035
8/24/2006,534.43
8/23/2006,541.7128
8/22/2006,514.3523
8/21/2006,513.4127
8/18/2006,552.5105
8/17/2006,583.647
8/16/2006,576.7786
8/15/2006,576.053
8/14/2006,581.3937
8/11/2006,582.0763
8/10/2006,572.9904
8/8/2006,566.3104
8/7/2006,567.5823
8/4/2006,560.4002
8/3/2006,561.4643
8/2/2006,552.1376
8/1/2006,544.7102
7/31/2006,540.4413
7/28/2006,524.2189
7/27/2006,524.8138
7/26/2006,513.612
7/25/2006,511.9524
7/24/2006,507.0351
7/21/2006,514.2697
7/20/2006,506.5736
7/19/2006,500.9551
7/18/2006,490.2872
7/17/2006,476.337
7/14/2006,478.391
7/13/2006,476.7453
7/12/2006,483.7175
7/11/2006,483.3574
7/10/2006,488.915
7/7/2006,478.0585
7/6/2006,475.3313
7/5/2006,481.9013
7/4/2006,484.92
7/3/2006,493.6907
6/30/2006,497.2734
6/29/2006,482.5533
6/28/2006,479.4409
6/27/2006,485.5497
6/26/2006,470.9194
6/23/2006,468.2211
6/22/2006,482.0031
6/21/2006,480.6326
6/20/2006,488.0409
6/19/2006,498.4061
6/15/2006,504.1539
6/14/2006,502.3866
6/13/2006,502.3409
6/12/2006,513.2573
6/9/2006,507.9145
6/8/2006,503.8843
6/7/2006,508.3904
6/6/2006,515.1763
6/5/2006,527.8707
6/2/2006,528.9755
6/1/2006,509.9817
5/31/2006,507.5601
5/30/2006,528.0954
5/29/2006,527.7815
5/26/2006,534.5798
5/25/2006,527.4448
5/24/2006,512.4572
5/23/2006,509.5562
5/22/2006,485.3574
5/19/2006,494.2721
5/18/2006,495.6431
5/17/2006,517.1529
5/16/2006,487.0025
5/15/2006,470.0512
5/12/2006,494.5572
5/11/2006,492.6646
5/10/2006,499.3495
5/9/2006,496.3431
5/8/2006,501.2622
5/5/2006,505.9558
5/4/2006,498.5386
5/3/2006,504.4246
5/2/2006,508.4396
4/28/2006,499.5157
4/26/2006,502.6018
4/25/2006,514.2023
4/24/2006,530.256
4/21/2006,523.2489
4/20/2006,534.3591
4/19/2006,538.7086
4/18/2006,527.1155
4/13/2006,523.5573
4/12/2006,527.4604
4/11/2006,526.7347
4/10/2006,527.2576
4/7/2006,537.6843
4/6/2006,534.7576
4/5/2006,538.4604
4/4/2006,536.2398
4/3/2006,534.5589
3/31/2006,526.3026
3/30/2006,521.4555
3/29/2006,521.0234
3/28/2006,524.4109
3/27/2006,521.9521
3/24/2006,514.5672
3/23/2006,516.3742
3/22/2006,515.2789
3/20/2006,527.5466
3/17/2006,524.9634
3/16/2006,527.8353
3/15/2006,526.6742
3/14/2006,521.9377
3/13/2006,527.6009
3/10/2006,520.98
3/9/2006,522.0199
3/8/2006,524.4296
3/7/2006,521.4468
3/6/2006,527.4219
3/3/2006,539.3537
3/2/2006,536.847
2/28/2006,534.5908
2/27/2006,536.8056
2/24/2006,535.4534
2/23/2006,542.4592
2/22/2006,538.1493
2/21/2006,536.7616
2/20/2006,533.251
2/17/2006,533.0138
2/16/2006,528.7152
2/15/2006,539.4246
2/14/2006,539.1049
2/13/2006,523.24
2/10/2006,529.1862
2/9/2006,517.1309
2/8/2006,510.5067
2/7/2006,522.4403
2/6/2006,541.4218
2/3/2006,546.3593
2/2/2006,546.46
2/1/2006,559.417
1/31/2006,557.861
1/30/2006,553.0528
1/27/2006,555.085
1/26/2006,548.8926
1/25/2006,555.4875
1/24/2006,556.9238
1/23/2006,557.0697
1/20/2006,549.8215
1/19/2006,540.5453
1/18/2006,542.7471
1/17/2006,550.1318
1/16/2006,554.612
1/13/2006,529.0358
1/12/2006,539.0072
1/11/2006,540.7321
1/10/2006,555.3654
1/9/2006,555.7201
1/6/2006,554.4022
1/5/2006,555.1162
1/4/2006,570.4857
1/3/2006,541.6062
12/30/2005,537.9313
12/29/2005,539.0233
12/28/2005,536.7162
12/27/2005,518.0122
12/23/2005,516.8224
12/22/2005,522.898
12/21/2005,525.598
12/20/2005,524.7848
12/19/2005,528.3849
12/15/2005,527.7804
12/14/2005,534.8962
12/13/2005,536.6498
12/12/2005,535.1516
12/9/2005,534.3365
12/8/2005,549.7787
12/7/2005,573.0906
12/6/2005,569.4653
12/5/2005,546.1229
12/2/2005,528.904
12/1/2005,517.8356
11/30/2005,517.3485
11/29/2005,572.2033
11/28/2005,581.5634
11/25/2005,582.3139
11/24/2005,597.6227
11/23/2005,606.5061
11/22/2005,608.0382
11/21/2005,606.0094
11/18/2005,598.7388
11/17/2005,600.3735
11/16/2005,596.1563
11/15/2005,599.4119
11/14/2005,616.256
11/11/2005,605.8898
11/10/2005,607.611
11/9/2005,615.685
11/8/2005,616.1892
11/7/2005,629.2235
11/4/2005,624.1986
11/3/2005,637.6907
11/2/2005,646.155
11/1/2005,639.9737
10/31/2005,629.4574
10/28/2005,627.464
10/27/2005,611.5646
10/26/2005,619.0045
10/25/2005,610.0134
10/24/2005,615.1604
10/21/2005,645.2452
10/20/2005,668.32
10/19/2005,660.6854
10/18/2005,661.5991
10/17/2005,661.5967
10/14/2005,651.5884
10/13/2005,652.8896
10/12/2005,672.7608
10/11/2005,682.6936
10/10/2005,681.7103
10/7/2005,683.4623
10/6/2005,680.5106
10/5/2005,693.1954
10/4/2005,693.0823
10/3/2005,695.0798
9/30/2005,707.3147
9/29/2005,681.0743
9/28/2005,674.1708
9/27/2005,684.2002
9/26/2005,681.1799
9/23/2005,681.3355
9/22/2005,677.3949
9/21/2005,676.2248
9/20/2005,679.9409
9/19/2005,683.7683
9/16/2005,679.5803
9/15/2005,673.3033
9/14/2005,682.985
9/13/2005,689.7967
9/12/2005,703.8033
9/9/2005,718.8123
9/8/2005,720.0626
9/7/2005,718.518
9/6/2005,732.3554
9/5/2005,732.1954
9/2/2005,718.3148
9/1/2005,686.4108
8/31/2005,664.2812
8/30/2005,670.0512
8/29/2005,664.2807
8/26/2005,662.9241
8/25/2005,663.6711
8/24/2005,658.8743
8/23/2005,658.878
8/22/2005,653.8761
8/19/2005,647.5273
8/18/2005,657.1936
8/17/2005,669.1891
8/16/2005,676.2309
8/15/2005,681.914
8/12/2005,693.5883
8/11/2005,685.4542
8/10/2005,695.4905
8/8/2005,695.0169
8/5/2005,706.4648
8/4/2005,706.4648
8/3/2005,701.0603
8/2/2005,699.4637
8/1/2005,698.5851
7/29/2005,692.0035
7/28/2005,690.9667
7/27/2005,689.0115
7/26/2005,688.6108
7/25/2005,700.1729
7/22/2005,697.8989
7/21/2005,696.1905
7/20/2005,682.9909
7/19/2005,679.398
7/18/2005,688.9181
7/15/2005,691.4077
7/14/2005,691.6978
7/13/2005,705.9745
7/12/2005,692.57
7/11/2005,675.6048
7/8/2005,667.7665
7/7/2005,674.6081
7/6/2005,683.1394
7/5/2005,676.9828
7/4/2005,680.2006
7/1/2005,695.4274
6/30/2005,696.8569
6/29/2005,689.2081
6/28/2005,701.8906
6/27/2005,697.7418
6/24/2005,687.5732
6/23/2005,685.9762
6/22/2005,693.6442
6/21/2005,684.4279
6/20/2005,697.9636
6/17/2005,696.1746
6/15/2005,675.2376
6/14/2005,682.1508
6/13/2005,688.4533
6/10/2005,695.1739
6/9/2005,687.2787
6/8/2005,702.03
6/7/2005,701.4439
6/6/2005,694.2821
6/3/2005,689.2053
6/2/2005,692.3538
6/1/2005,687.0315
5/31/2005,699.9926
5/30/2005,705.0592
5/27/2005,700.775
5/26/2005,719.6721
5/25/2005,707.5963
5/24/2005,714.8729
5/23/2005,715.247
5/20/2005,727.384
5/19/2005,727.46
5/18/2005,721.2919
5/17/2005,732.4724
5/16/2005,743.9756
5/13/2005,745.3326
5/12/2005,755.2165
5/11/2005,757.25
5/10/2005,755.7722
5/9/2005,766.6362
5/6/2005,777.3679
5/5/2005,791.3379
5/4/2005,771.8472
5/3/2005,759.2274
4/29/2005,766.7997
4/28/2005,764.4098
4/26/2005,764.1566
4/25/2005,761.0659
4/22/2005,756.0351
4/21/2005,762.2536
4/20/2005,749.337
4/19/2005,740.2873
4/18/2005,730.6723
4/15/2005,727.4168
4/14/2005,749.6356
4/13/2005,752.1033
4/12/2005,755.5845
4/11/2005,767.3702
4/8/2005,752.5292
4/7/2005,763.3047
4/6/2005,770.2821
4/4/2005,748.2023
4/1/2005,748.7907
3/31/2005,745.1402
3/30/2005,743.1249
3/29/2005,723.1182
3/24/2005,747.9069
3/23/2005,743.747
3/22/2005,768.5105
3/18/2005,773.8445
3/17/2005,770.572
3/16/2005,772.2607
3/15/2005,776.4797
3/14/2005,801.1441
3/11/2005,805.5453
3/10/2005,820.2309
3/9/2005,819.3316
3/8/2005,804.615
3/7/2005,805.9164
3/4/2005,786.5182
3/3/2005,791.1842
3/2/2005,806.2815
3/1/2005,813.9195
2/28/2005,812.1567
2/25/2005,805.0299
2/24/2005,806.9661
2/23/2005,811.5393
2/22/2005,811.8097
2/21/2005,789.3412
2/18/2005,795.9114
2/17/2005,793.3191
2/16/2005,789.7033
2/15/2005,780.8589
2/14/2005,780.2509
2/11/2005,772.5546
2/10/2005,755.9922
2/9/2005,751.789
2/8/2005,754.9009
2/7/2005,759.8791
2/4/2005,766.0664
2/3/2005,784.7472
2/2/2005,789.6704
2/1/2005,780.1488
1/31/2005,785.558
1/28/2005,792.6005
1/27/2005,796.7602
1/26/2005,794.4914
1/25/2005,795.9233
1/24/2005,793.58
1/21/2005,781.5118
1/20/2005,778.8184
1/19/2005,785.7322
1/18/2005,781.564
1/17/2005,792.2638
1/14/2005,790.1127
1/13/2005,800.9462
1/12/2005,802.5026
1/11/2005,802.2049
1/10/2005,779.9337
1/7/2005,774.7357
1/6/2005,783.2578
1/5/2005,807.3985
1/4/2005,828.4009
1/3/2005,833.6766
12/31/2004,833.9892
12/30/2004,827.7203
12/29/2004,837.0686
12/28/2004,816.5856
12/24/2004,814.3449
12/23/2004,817.0958
12/22/2004,821.0556
12/21/2004,797.6232
12/20/2004,794.5854
12/17/2004,788.823
12/15/2004,811.2636
12/14/2004,800.1874
12/13/2004,790.7105
12/10/2004,763.0625
12/9/2004,764.5009
12/8/2004,769.7154
12/7/2004,798.0801
12/6/2004,804.778
12/3/2004,800.6774
12/2/2004,821.0456
12/1/2004,813.8439
11/30/2004,817.1559
11/29/2004,808.638
11/26/2004,805.4227
11/25/2004,801.358
11/24/2004,800.6216
11/23/2004,792.8057
11/22/2004,790.0327
11/19/2004,792.3175
11/18/2004,805.3651
11/17/2004,801.0803
11/16/2004,791.3034
11/15/2004,793.6687
11/12/2004,779.7678
11/11/2004,777.4997
11/10/2004,775.2472
11/9/2004,773.607
11/8/2004,787.5233
11/5/2004,782.2262
11/4/2004,790.6105
11/3/2004,780.1181
11/2/2004,784.4164
11/1/2004,783.3917
10/29/2004,783.6962
10/28/2004,773.1109
10/27/2004,777.8879
10/26/2004,787.0248
10/25/2004,792.4313
10/22/2004,787.6362
10/21/2004,774.0764
10/20/2004,776.9468
10/19/2004,768.934
10/18/2004,766.3178
10/15/2004,756.3384
10/14/2004,745.2582
10/13/2004,742.6877
10/12/2004,745.66
10/11/2004,743.5438
10/8/2004,740.233
10/7/2004,749.4217
10/6/2004,751.0749
10/5/2004,755.9589
10/4/2004,757.5562
10/1/2004,758.8635
9/30/2004,748.4645
9/29/2004,759.4039
9/28/2004,748.5989
9/27/2004,751.0334
9/23/2004,742.4047
9/22/2004,751.7798
9/21/2004,744.4128
9/20/2004,745.4177
9/17/2004,734.0458
9/16/2004,732.4886
9/15/2004,736.0474
9/14/2004,739.0395
9/13/2004,729.9734
9/10/2004,718.8936
9/9/2004,722.2769
9/8/2004,721.5823
9/7/2004,722.2726
9/6/2004,722.6335
9/3/2004,730.1484
9/2/2004,718.769
9/1/2004,722.9945
8/31/2004,713.3371
8/30/2004,710.9879
8/27/2004,718.8142
8/26/2004,716.3318
8/25/2004,712.9042
8/24/2004,712.2888
8/23/2004,722.4749
8/20/2004,724.3431
8/19/2004,730.351
8/18/2004,734.6521
8/17/2004,723.7448
8/16/2004,730.198
8/13/2004,733.1263
8/12/2004,775.2605
8/11/2004,769.1942
8/10/2004,783.5375
8/6/2004,759.2357
8/5/2004,763.7439
8/4/2004,762.0929
8/3/2004,752.3442
8/2/2004,764.027
7/30/2004,765.2896
7/29/2004,764.6356
7/28/2004,758.5233
7/27/2004,763.822
7/26/2004,770.4909
7/23/2004,769.6325
7/22/2004,783.2742
7/21/2004,800.4067
7/20/2004,803.5752
7/19/2004,805.0265
7/16/2004,789.2904
7/15/2004,784.3065
7/14/2004,787.892
7/13/2004,792.3344
7/12/2004,790.1068
7/9/2004,786.213
7/8/2004,787.4564
7/7/2004,772.4246
7/6/2004,775.7154
7/5/2004,779.0194
7/2/2004,772.7761
7/1/2004,779.9663
6/30/2004,766.238
6/29/2004,774.4974
6/28/2004,763.6446
6/25/2004,765.6734
6/24/2004,769.7993
6/23/2004,767.8874
6/22/2004,766.376
6/21/2004,761.1163
6/18/2004,744.4883
6/17/2004,749.5796
6/15/2004,729.2949
6/14/2004,733.4512
6/11/2004,738.0805
6/10/2004,724.3016
6/9/2004,724.0997
6/8/2004,745.0235
6/7/2004,741.8393
6/4/2004,742.0296
6/3/2004,736.9575
6/2/2004,746.7703
6/1/2004,742.9959
5/31/2004,737.2291
5/28/2004,732.6058
5/27/2004,725.7588
5/26/2004,719.3372
5/25/2004,714.5072
5/24/2004,703.9296
5/21/2004,704.6728
5/20/2004,702.4005
5/19/2004,702.8241
5/18/2004,699.9032
5/17/2004,705.2186
5/14/2004,681.2957
5/13/2004,680.71
5/12/2004,690.2769
5/11/2004,682.5068
5/10/2004,670.1818
5/7/2004,686.3122
5/6/2004,695.5919
5/5/2004,690.9626
5/4/2004,679.6766
5/3/2004,686.7341
4/30/2004,696.1486
4/29/2004,683.634
4/28/2004,707.6821
4/26/2004,707.7693
4/23/2004,699.6231
4/22/2004,692.3893
4/21/2004,713.3283
4/20/2004,729.6419
4/19/2004,736.8069
4/16/2004,735.7159
4/15/2004,720.5866
4/13/2004,743.6056
4/8/2004,755.8897
4/7/2004,749.7072
4/6/2004,719.9
4/5/2004,738.7219
4/2/2004,750.6015
4/1/2004,747.5989
3/31/2004,746.6163
3/30/2004,744.4686
3/29/2004,721.8984
3/26/2004,703.4018
3/25/2004,706.7368
3/24/2004,712.2873
3/23/2004,714.0628
3/19/2004,706.0416
3/18/2004,711.5368
3/17/2004,699.3724
3/16/2004,703.88
3/15/2004,704.4426
3/12/2004,704.1075
3/11/2004,701.4273
3/10/2004,715.2669
3/9/2004,725.5303
3/8/2004,715.6245
3/5/2004,695.2975
3/4/2004,700.0013
3/3/2004,688.8391
3/2/2004,715.1054
3/1/2004,716.461
2/27/2004,715.1514
2/26/2004,719.2454
2/25/2004,723.3067
2/24/2004,710.2404
2/23/2004,704.3972
2/20/2004,714.8627
2/19/2004,716.9426
2/18/2004,725.5758
2/17/2004,713.2144
2/16/2004,723.9652
2/13/2004,722.2762
2/12/2004,705.2035
2/11/2004,694.0791
2/10/2004,691.9074
2/9/2004,687.7858
2/6/2004,682.8926
2/5/2004,698.769
2/4/2004,689.2351
2/3/2004,691.9206
2/2/2004,675.6538
1/30/2004,668.5349
1/29/2004,675.3362
1/28/2004,677.3239
1/27/2004,666.7794
1/26/2004,657.9501
1/23/2004,668.8664
1/22/2004,667.5901
1/21/2004,679.5615
1/20/2004,654.3209
1/19/2004,658.8701
1/16/2004,633
1/15/2004,658.2761
1/14/2004,688.2981
1/13/2004,696.7377
1/12/2004,722.2727
1/9/2004,725.0878
1/8/2004,726.5305
1/7/2004,729.5425
1/6/2004,760.0181
1/5/2004,722.989
1/2/2004,689.4552
12/31/2003,683.6129
12/30/2003,678.6989
12/29/2003,644.6974
12/24/2003,626.7297
12/23/2003,627.0961
12/22/2003,639.401
12/19/2003,673.7963
12/18/2003,687.771
12/17/2003,719.4938
12/15/2003,718.318
12/12/2003,726.689
12/11/2003,728.4098
12/10/2003,732.6195
12/9/2003,734.3314
12/8/2003,753.3405
12/5/2003,749.3639
12/4/2003,756.6729
12/3/2003,748.965
12/2/2003,741.9168
12/1/2003,742.9784
11/28/2003,740.8387
11/27/2003,740.106
11/26/2003,732.3288
11/25/2003,720.1667
11/24/2003,725.9636
11/21/2003,724.1622
11/20/2003,720.0761
11/19/2003,722.2189
11/18/2003,705.6016
11/17/2003,704.99
11/14/2003,705.7927
11/13/2003,693.3175
11/12/2003,689.5775
11/11/2003,681.2719
11/10/2003,682.3267
11/7/2003,680.9865
11/6/2003,688.2484
11/5/2003,690.3614
11/4/2003,692.3049
11/3/2003,695.557
10/31/2003,689.3642
10/30/2003,689.7221
10/29/2003,680.4186
10/28/2003,680.9643
10/27/2003,685.4485
10/24/2003,680.1966
10/23/2003,679.7321
10/22/2003,663.5829
10/21/2003,661.8375
10/20/2003,660.1075
10/17/2003,673.4355
10/16/2003,679.4824
10/15/2003,678.7023
10/14/2003,672.9486
10/13/2003,677.1771
10/10/2003,687.1021
10/9/2003,686.9898
10/8/2003,687.5544
10/7/2003,694.2864
10/6/2003,684.1701
10/3/2003,693.2586
10/2/2003,696.2539
10/1/2003,689.3155
9/30/2003,689.5298
9/29/2003,660.0171
9/26/2003,664.8688
9/25/2003,665.1903
9/23/2003,654.6961
9/22/2003,645.733
9/19/2003,642.9186
9/18/2003,641.4314
9/17/2003,634.9463
9/16/2003,637.505
9/15/2003,645.1473
9/12/2003,642.3325
9/11/2003,643.5858
9/10/2003,638.368
9/9/2003,634.782
9/8/2003,637.8929
9/5/2003,650.4652
9/4/2003,662.3491
9/3/2003,655.1196
9/2/2003,652.8397
9/1/2003,644.5169
8/29/2003,639.0688
8/28/2003,633.4156
8/27/2003,631.0418
8/26/2003,623.6257
8/25/2003,626.3387
8/22/2003,618.589
8/21/2003,636.231
8/20/2003,633.3977
8/19/2003,641.9215
8/18/2003,646.7886
8/15/2003,649.9232
8/14/2003,649.1246
8/13/2003,646.728
8/12/2003,656.0191
8/11/2003,638.2658
8/8/2003,649.3385
8/7/2003,631.0753
8/6/2003,635.1989
8/5/2003,621.7352
8/4/2003,626.7445
8/1/2003,623.6953
7/31/2003,624.422
7/30/2003,620.4618
7/29/2003,642.5944
7/28/2003,623.7356
7/25/2003,619.5478
7/24/2003,620.5985
7/23/2003,630.9278
7/22/2003,621.2606
7/21/2003,623.4491
7/18/2003,617.3903
7/17/2003,623.0552
7/16/2003,612.9071
7/15/2003,627.4652
7/14/2003,634.3278
7/11/2003,625.9948
7/10/2003,629.4796
7/9/2003,626.3899
7/8/2003,630.1541
7/7/2003,636.8337
7/4/2003,633.8229
7/3/2003,639.0314
7/2/2003,640.9789
7/1/2003,645.9718
6/30/2003,645.3984
6/27/2003,644.896
6/26/2003,622.3346
6/25/2003,620.1913
6/24/2003,601.237
6/23/2003,609.1466
6/20/2003,597.6616
6/19/2003,597.2541
6/18/2003,607.0797
6/17/2003,609.6747
6/13/2003,611.3266
6/12/2003,599.8471
6/11/2003,606.1498
6/10/2003,597.6379
6/9/2003,592.4547
6/6/2003,599.6596
6/5/2003,580.7031
6/4/2003,590.9319
6/3/2003,588.7587
6/2/2003,584.5702
5/30/2003,591.9562
5/29/2003,580.0798
5/28/2003,579.4291
5/27/2003,601.8166
5/26/2003,607.4923
5/23/2003,623.1101
5/22/2003,606.7978
5/21/2003,619.4919
5/20/2003,623.5524
5/19/2003,620.4717
5/16/2003,604.5998
5/15/2003,624.529
5/14/2003,641.1902
5/13/2003,649.6883
5/12/2003,663.8722
5/9/2003,661.637
5/8/2003,651.2234
5/7/2003,645.0918
5/6/2003,653.0386
5/5/2003,638.7839
5/2/2003,644.458
4/30/2003,674.3538
4/29/2003,661.1771
4/25/2003,656.4312
4/24/2003,651.2981
4/23/2003,632.8307
4/22/2003,633.8718
4/17/2003,634.9267
4/16/2003,631.762
4/15/2003,620.4237
4/14/2003,614.3286
4/11/2003,626.6964
4/10/2003,628.0555
4/9/2003,604.4971
4/8/2003,615.1527
4/7/2003,610.5868
4/4/2003,624.2095
4/3/2003,611.0505
4/2/2003,617.5053
4/1/2003,614.4302
3/31/2003,614.94
3/28/2003,614.2139
3/27/2003,611.2761
3/26/2003,604.4806
3/25/2003,609.6355
3/24/2003,599.1005
3/20/2003,608.5112
3/19/2003,607.5108
3/18/2003,602.2753
3/17/2003,621.7766
3/14/2003,605.7665
3/13/2003,626.17
3/12/2003,632.1221
3/11/2003,636.6818
3/10/2003,631.6884
3/7/2003,617.4428
3/6/2003,627.4513
3/5/2003,633.1184
3/4/2003,622.0224
3/3/2003,604.3547
2/28/2003,631.3419
2/27/2003,608.7443
2/26/2003,629.4782
2/25/2003,636.8765
2/24/2003,628.0089
2/21/2003,629.9433
2/20/2003,627.3688
2/19/2003,619.4609
2/18/2003,613.9706
2/17/2003,627.9181
2/14/2003,627.0365
2/13/2003,621.335
2/12/2003,618.7844
2/11/2003,607.3319
2/10/2003,598.005
2/7/2003,598.7088
2/6/2003,598.7901
2/5/2003,614.0262
2/4/2003,593.6119
2/3/2003,587.0082
1/31/2003,582.889
1/30/2003,562.4757
1/29/2003,563.1225
1/28/2003,566.9517
1/27/2003,557.8804
1/24/2003,543.2537
1/23/2003,527.6338
1/22/2003,522.133
1/21/2003,527.1999
1/20/2003,531.1865
1/17/2003,531.8511
1/16/2003,527.8861
1/15/2003,519.1229
1/14/2003,536.3312
1/13/2003,539.3649
1/10/2003,508.6395
1/9/2003,513.6294
1/8/2003,498.205
1/7/2003,508.1086
1/6/2003,519.4074
1/3/2003,528.9827
1/2/2003,529.6791
,
,
,
,
,
,
,
,
,
,
,
,
,
,
,
,
,
,
,
,
,
,
,
,
,
,
,
,
,
,
,
,
,
,
,
,
,
,
,
,
,
,
,
,
,
,
,
,
,
,
,
,
,
,
,
,
,
,
,
,
,
,
,
,
,
,
,
,
,
,
,
,
,
,
,
,
,
,
,
,
,
,
,
,
,
,
,
,
,
,
,
,
,
,
,
,
,
,
,
,
,
,
,
,
,
,
,
,
,
,
,
,
,
,
,
,
,
,
,
,
,
,
,
,
,
,
,
,
,
,
,
,
,
,
,
,
,
,
,
,
,
,
,
,
,
,
,
,
,
,
,
,
,
,
,
,
,
,
,
,
,
,
,
,
,
,
,
,
,
,
,
,
,
,
,
,
,
,
,
,
,
,
,
,
,
,
,
,
,
,
,
,
,
,
,
,
,
,
,
,
,
,
,
,
,
,
,
,
,
,
,
,
,
,
,
,
,
,
,
,
,
,
,
,
,
,
,
,
,
,
,
,
,
,
,
,
,
,
,
,
,
,
,
,
,
,
,
,
,
,
,
,
,
,
,
,
,
,
,
,
,
,
,
,
,
,
,
,
,
,
,
,
,
,
,
,
,
,
,
,
,
,
,
,
,
,
,
,
,
,
,
,
,
,
,
,
,
,
,
,
,
,
,
,
,
,
,
,
,
,
,
,
,
,
,
,
,
,
,
,
,
,
,
,
,
,
,
,
,
,
,
,
,
,
,
,
,
,
,
,
,
,
,
,
,
,
,
,
,
,
,
,
,
,
,
,
,
,
,
,
,
,
,
,
,
,
,
,
,
,
,
,
,
,
,
,
,
,
,
,
,
,
,
,
,
,
,
,
,
,
,
,
,
,
,
,
,
,
,
,
,
,
,
,
,
,
,
,
,
,
,
,
,
,
,
,
,
,
,
,
,
,
,
,
,
,
,
,
,
,
,
,
,
,
,
,
,
,
,
,
,
,
,
,
,
,
,
,
,
,
,
,
,
,
,
,
,
,
,
,
,
,
,
,
,
,
,
,
,
,
,
,
,
,
,
,
,
,
,
,
,
,
,
,
,
,
,
,
,
,
,
,
,
,
,
,
,
,
,
,
,
,
,
,
,
,
,
,
,
,
,
,
,
,
,
,
,
,
,
,
,
,
,
,
,
,
,
,
,
,
,
,
,
,
,
,
,
,
,
,
,
,
,
,
,
,
,
,
,
,
,
,
,
,
,
,
,
,
,
,
,
,
,
,
,
,
,
,
,
,
,
,
,
,
,
,
,
,
,
,
,
,
,
,
,
,
,
,
,
,
,
,
,
,
,
,
,
,
,
,
,
,
,
,
,
,
,
,
,
,
,
,
,
,
,
,
,
,
,
,
,
,
,
,
,
,
,
,
,
,
,
,
,
,
,
,
,
,
,
,
,
,
,
,
,
,
,
,
,
,
,
,
,
,
,
,
,
,
,
,
,
,
,
,
,
,
,
,
,
,
,
,
,
,
,
,
,
,
,
,
,
,
,
,
,
,
,
,
,
,
,
,
,
,
,
,
,
,
,
,
,
,
,
,
,
,
,
,
,
,
,
,
,
,
,
,
,
,
,
,
,
,
,
,
,
,
,
,
,
,
,
,
,
,
,
,
,
,
,
,
,
,
,
,
,
,
,
,
,
,
,
,
,
,
,
,
,
,
,
,
,
,
,
,
,
,
,
,
,
,
,
,
,
,
,
,
,
,
,
,
,
,
,
,
,
,
,
,
,
,
,
,
,
,
,
,
,
,
,
,
,
,
,
,
,
,
,
,
,
,
,
,
,
,
,
,
,
,
,
,
,
,
,
,
,
,
,
,
,
,
,
,
,
,
,
,
,
,
,
,
,
,
,
,
,
,
,
,
,
,
,
,
,
,
,
,
,
,
,
,
,
,
,
,
,
,
,
,
,
,
,
,
,
,
,
,
,
,
,
,
,
,
,
,
,
,
,
,
,
,
,
,
,
,
,
,
,
,
,
,
,
,
,
,
,
,
,
,
,
,
,
,
,
,
,
,
,
,
,
,
,
,
,
,
,
,
,
,
,
,
,
,
,
,
,
,
,
,
,
,
,
,
,
,
,
,
,
,
,
,
,
,
,
,
,
,
,
,
,
,
,
,
,
,
,
,
,
,
,
,
,
,
,
,
,
,
,
,
,
,
,
,
,
,
,
,
,
,
,
,
,
,
,
,
,
,
,
,
,
,
,
,
,
,
,
,
,
,
,
,
,
,
,
,
,
,
,
,
,
,
,
,
,
,
,
,
,
,
,
,
,
,
,
,
,
,
,
,
,
,
,
,
,
,
,
,
,
,
,
,
,
,
,
,
,
,
,
,
,
,
,
,
,
,
,
,
,
,
,
,
,
,
,
,
,
,
,
,
,
,
,
,
,
,
,
,
,
,
,
,
,
,
,
,
,
,
,
,
,
,
,
,
,
,
,
,
,
,
,
,
,
,
,
,
,
,
,
,
,
,
,
,
,
,
,
,
,
,
,
,
,
,
,
,
,
,
,
,
,
,
,
,
,
,
,
,
,
,
,
,
,
,
,
,
,
,
,
,
,
,
,
,
,
,
,
,
,
,
,
,
,
,
,
,
,
,
,
,
,
,
,
,
,
,
,
,
,
,
,
,
,
,
,
,
,
,
,
,
,
,
,
,
,
,
,
,
,
,
,
,
,
,
,
,
,
,
,
,
,
,
,
,
,
,
,
,
,
,
,
,
,
,
,
,
,
,
,
,
,
,
,
,
,
,
,
,
,
,
,
,
,
,
,
,
,
,
,
,
,
,
,
,
,
,
,
,
,
,
,
,
,
,
,
,
,
,
,
,
,
,
,
,
,
,
,
,
,
,
,
,
,
,
,
,
,
,
,
,
,
,
,
,
,
,
,
,
,
,
,
,
,
,
,
,
,
,
,
,
,
,
,
,
,
,
,
,
,
,
,
,
,
,
,
,
,
,
,
,
,
,
,
,
,
,
,
,
,
,
,
,
,
,
,
,
,
,
,
,
,
,
,
,
,
,
,
,
,
,
,
,
,
,
,
,
,
,
,
,
,
,
,
,
,
,
,
,
,
,
,
,
,
,
,
,
,
,
,
,
,
,
,
,
,
,
,
,
,
,
,
,
,
,
,
,
,
,
,
,
,
,
,
,
,
,
,
,
,
,
,
,
,
,
,
,
,
,
,
,
,
,
,
,
,
,
,
,
,
,
,
,
,
,
,
,
,
,
,
,
,
,
,
,
,
,
,
,
,
,
,
,
,
,
,
,
,
,
,
,
,
,
,
,
,
,
,
,
,
,
,
,
,
,
,
,
,
,
,
,
,
,
,
,
,
,
,
,
,
,
,
,
,
,
,
,
,
,
,
,
,
,
,
,
,
,
,
,
,
,
,
,
,
,
,
,
,
,
,
,
,
,
,
,
,
,
,
,
,
,
,
,
,
,
,
,
,
,
,
,
,
,
,
,
,
,
,
,
,
,
,
,
,
,
,
,
,
,
,
,
,
,
,
,
,
,
,
,
,
,
,
,
,
,
,
,
,
,
,
,
,
,
,
,
,
,
,
,
,
,
,
,
,
,
,
,
,
,
,
,
,
,
,
,
,
,
,
,
,
,
,
,
,
,
,
,
,
,
,
,
,
,
,
,
,
,
,
,
,
,
,
,
,
,
,
,
,
,
,
,
,
,
,
,
,
,
,
,
,
,
,
,
,
,
,
,
,
,
,
,
,
,
,
,
,
,
,
,
,
,
,
,
,
,
,
,
,
,
,
,
,
,
,
,
,
,
,
,
,
,
,
,
,
,
,
,
,
,
,
,
,
,
,
,
,
,
,
,
,
,
,
,
,
,
,
,
,
,
,
,
,
,
,
,
,
,
,
,
,
,
,
,
,
,
,
,
,
,
,
,
,
,
,
,
,
,
,
,
,
,
,
,
,
,
,
,
,
,
,
,
,
,
,
,
,
,
,
,
,
,
,
,
,
,
,
,
,
,
,
,
,
,
,
,
,
,
,
,
,
,
,
,
,
,
,
,
,
,
,
,
,
,
,
,
,
,
,
,
,
,
,
,
,
,
,
,
,
,
,
,
,
,
,
,
,
,
,
,
,
,
,
,
,
,
,
,
,
,
,
,
,
,
,
,
,
,
,
,
,
,
,
,
,
,
,
,
,
,
,
,
,
,
,
,
,
,
,
,
,
,
,
,
,
,
,
,
,
,
,
,
,
,
,
,
,
,
,
,
,
,
,
,
,
,
,
,
,
,
,
,
,
,
,
,
,
,
,
,
,
,
,
,
,
,
,
,
,
,
,
,
,
,
,
,
,
,
,
,
,
,
,
,
,
,
,
,
,
,
,
,
,
,
,
,
,
,
,
,
,
,
,
,
,
,
,
,
,
,
,
,
,
,
,
,
,
,
,
,
,
,
,
,
,
,
,
,
,
,
,
,
,
,
,
,
,
,
,
,
,
,
,
,
,
,
,
,
,
,
,
,
,
,
,
,
,
,
,
,
,
,
,
,
,
,
,
,
,
,
,
,
,
,
,
,
,
,
,
,
,
,
,
,
,
,
,
,
,
,
,
,
,
,
,
,
,
,
,
,
,
,
,
,
,
,
,
,
,
,
,
,
,
,
,
,
,
,
,
,
,
,
,
,
,
,
,
,
,
,
,
,
,
,
,
,
,
,
,
,
,
,
,
,
,
,
,
,
,
,
,
,
,
,
,
,
,
,
,
,
,
,
,
,
,
,
,
,
,
,
,
,
,
,
,
,
,
,
,
,
,
,
,
,
,
,
,
,
,
,
,
,
,
,
,
,
,
,
,
,
,
,
,
,
,
,
,
,
,
,
,
,
,
,
,
,
,
,
,
,
,
,
,
,
,
,
,
,
,
,
,
,
,
,
,
,
,
,
,
,
,
,
,
,
,
,
,
,
,
,
,
,
,
,
,
,
,
,
,
,
,
,
,
,
,
,
,
,
,
,
,
,
,
,
,
,
,
,
,
,
,
,
,
,
,
,
,
,
,
,
,
,
,
,
,
,
,
,
,
,
,
,
,
,
,
,
,
,
,
,
,
,
,
,
,
,
,
,
,
,
,
,
,
,
,
,
,
,
,
,
,
,
,
,
,
,
,
,
,
,
,
,
,
,
,
,
,
,
,
,
,
,
,
,
,
,
,
,
,
,
,
,
,
,
,
,
,
,
,
,
,
,
,
,
,
,
,
,
,
,
,
,
,
,
,
,
,
,
,
,
,
,
,
,
,
,
,
,
,
,
,
,
,
,
,
,
,
,
,
,
,
,
,
,
,
,
,
,
,
,
,
,
,
,
,
,
,
,
,
,
,
,
,
,
,
,
,
,
,
,
,
,
,
,
,
,
,
,
,
,
,
,
,
,
,
,
,
,
,
,
,
,
,
,
,
,
,
,
,
,
,
,
,
,
,
,
,
,
,
,
,
,
,
,
,
,
,
,
,
,
,
,
,
,
,
,
,
,
,
,
,
,
,
,
,
,
,
,
,
,
,
,
,
,
,
,
,
,
,
,
,
,
,
,
,
,
,
,
,
,
,
,
,
,
,
,
,
,
,
,
,
,
,
,
,
,
,
,
,
,
,
,
,
,
,
,
,
,
,
,
,
,
,
,
,
,
,
,
,
,
,
,
,
,
,
,
,
,
,
,
,
,
,
,
,
,
,
,
,
,
,
,
,
,
,
,
,
,
,
,
,
,
,
,
,
,
,
,
,
,
,
,
,
,
,
,
,
,
,
,
,
,
,
,
,
,
,
,
,
,
,
,
,
,
,
,
,
,
,
,
,
,
,
,
,
,
,
,
,
,
,
,
,
,
,
,
,
,
,
,
,
,
,
,
,
,
,
,
,
,
,
,
,
,
,
,
,
,
,
,
,
,
,
,
,
,
,
,
,
,
,
,
,
,
,
,
,
,
,
,
,
,
,
,
,
,
,
,
,
,
,
,
,
,
,
,
,
,
,
,
,
,
,
,
,
,
,
,
,
,
,
,
,
,
,
,
,
,
,
,
,
,
,
,
,
,
,
,
,
,
,
,
,
,
,
,
,
,
,
,
,
,
,
,
,
,
,
,
,
,
,
,
,
,
,
,
,
,
,
,
,
,
,
,
,
,
,
,
,
,
,
,
,
,
,
,
,
,
,
,
,
,
,
,
,
,
,
,
,
,
,
,
,
,
,
,
,
,
,
,
,
,
,
,
,
,
,
,
,
,
,
,
,
,
,
,
,
,
,
,
,
,
,
,
,
,
,
,
,
,
,
,
,
,
,
,
,
,
,
,
,
,
,
,
,
,
,
,
,
,
,
,
,
,
,
,
,
,
,
,
,
,
,
,
,
,
,
,
,
,
,
,
,
,
,
,
,
,
,
,
,
,
,
,
,
,
,
,
,
,
,
,
,
,
,
,
,
,
,
,
,
,
,
,
,
,
,
,
,
,
,
,
,
,
,
,
,
,
,
,
,
,
,
,
,
,
,
,
,
,
,
,
,
,
,
,
,
,
,
,
,
,
,
,
,
,
,
,
,
,
,
,
,
,
,
,
,
,
,
,
,
,
,
,
,
,
,
,
,
,
,
,
,
,
,
,
,
,
,
,
,
,
,
,
,
,
,
,
,
,
,
,
,
,
,
,
,
,
,
,
,
,
,
,
,
,
,
,
,
,
,
,
,
,
,
,
,
,
,
,
,
,
,
,
,
,
,
,
,
,
,
,
,
,
,
,
,
,
,
,
,
,
,
,
,
,
,
,
,
,
,
,
,
,
,
,
,
,
,
,
,
,
,
,
,
,
,
,
,
,
,
,
,
,
,
,
,
,
,
,
,
,
,
,
,
,
,
,
,
,
,
,
,
,
,
,
,
,
,
,
,
,
,
,
,
,
,
,
,
,
,
,
,
,
,
,
,
,
,
,
,
,
,
,
,
,
,
,
,
,
,
,
,
,
,
,
,
,
,
,
,
,
,
,
,
,
,
,
,
,
,
,
,
,
,
,
,
,
,
,
,
,
,
,
,
,
,
,
,
,
,
,
,
,
,
,
,
,
,
,
,
,
,
,
,
,
,
,
,
,
,
,
,
,
,
,
,
,
,
,
,
,
,
,
,
,
,
,
,
,
,
,
,
,
,
,
,
,
,
,
,
,
,
,
,
,
,
,
,
,
,
,
,
,
,
,
,
,
,
,
,
,
,
,
,
,
,
,
,
,
,
,
,
,
,
,
,
,
,
,
,
,
,
,
,
,
,
,
,
,
,
,
,
,
,
,
,
,
,
,
,
,
,
,
,
,
,
,
,
,
,
,
,
,
,
,
,
,
,
,
,
,
,
,
,
,
,
,
,
,
,
,
,
,
,
,
,
,
,
,
,
,
,
,
,
,
,
,
,
,
,
,
,
,
,
,
,
,
,
,
,
,
,
,
,
,
,
,
,
,
,
,
,
,
,
,
,
,
,
,
,
,
,
,
,
,
,
,
,
,
,
,
,
,
,
,
,
,
,
,
,
,
,
,
,
,
,
,
,
,
,
,
,
,
,
,
,
,
,
,
,
,
,
,
,
,
,
,
,
,
,
,
,
,
,
,
,
,
,
,
,
,
,
,
,
,
,
,
,
,
,
,
,
,
,
,
,
,
,
,
,
,
,
,
,
,
,
,
,
,
,
,
,
,
,
,
,
,
,
,
,
,
,
,
,
,
,
,
,
,
,
,
,
,
,
,
,
,
,
,
,
,
,
,
,
,
,
,
,
,
,
,
,
,
,
,
,
,
,
,
,
,
,
,
,
,
,
,
,
,
,
,
,
,
,
,
,
,
,
,
,
,
,
,
,
,
,
,
,
,
,
,
,
,
,
,
,
,
,
,
,
,
,
,
,
,
,
,
,
,
,
,
,
,
,
,
,
,
,
,
,
,
,
,
,
,
,
,
,
,
,
,
,
,
,
,
,
,
,
,
,
,
,
,
,
,
,
,
,
,
,
,
,
,
,
,
,
,
,
,
,
,
,
,
,
,
,
,
,
,
,
,
,
,
,
,
,
,
,
,
,
,
,
,
,
,
,
,
,
,
,
,
,
,
,
,
,
,
,
,
,
,
,
,
,
,
,
,
,
,
,
,
,
,
,
,
,
,
,
,
,
,
,
,
,
,
,
,
,
,
,
,
,
,
,
,
,
,
,
,
,
,
,
,
,
,
,
,
,
,
,
,
,
,
,
,
,
,
,
,
,
,
,
,
,
,
,
,
,
,
,
,
,
,
,
,
,
,
,
,
,
,
,
,
,
,
,
,
,
,
,
,
,
,
,
,
,
,
,
,
,
,
,
,
,
,
,
,
,
,
,
,
,
,
,
,
,
,
,
,
,
,
,
,
,
,
,
,
,
,
,
,
,
,
,
,
,
,
,
,
,
,
,
,
,
,
,
,
,
,
,
,
,
,
,
,
,
,
,
,
,
,
,
,
,
,
,
,
,
,
,
,
,
,
,
,
,
,
,
,
,
,
,
,
,
,
,
,
,
,
,
,
,
,
,
,
,
,
,
,
,
,
,
,
,
,
,
,
,
,
,
,
,
,
,
,
,
,
,
,
,
,
,
,
,
,
,
,
,
,
,
,
,
,
,
,
,
,
,
,
,
,
,
,
,
,
,
,
,
,
,
,
,
,
,
,
,
,
,
,
,
,
,
,
,
,
,
